[0/2] Re-checking globbed directories...
[1/64] Building CXX object LibCarla/CMakeFiles/carla-client.dir/source/carla/agents/navigation/ConstantVelocityAgent.cpp.o
[2/64] Building CXX object LibCarla/CMakeFiles/carla-client.dir/source/carla/agents/navigation/BehaviorAgent.cpp.o
[3/64] Building CXX object LibCarla/CMakeFiles/carla-client.dir/source/carla/client/LightManager.cpp.o
[4/64] Building CXX object LibCarla/CMakeFiles/carla-client.dir/source/carla/agents/navigation/BasicAgent.cpp.o
[5/64] Building CXX object LibCarla/CMakeFiles/carla-client.dir/source/carla/agents/navigation/PIDController.cpp.o
[6/64] Building CXX object LibCarla/CMakeFiles/carla-client.dir/source/carla/agents/navigation/Misc.cpp.o
[7/64] Building CXX object LibCarla/CMakeFiles/carla-client.dir/source/carla/agents/navigation/LocalPlanner.cpp.o
In file included from /mnt/simulations/carla/LibCarla/source/carla/agents/navigation/LocalPlanner.cpp:6:
/mnt/simulations/carla/LibCarla/source/carla/agents/navigation/LocalPlanner.h:131:11: warning: private field '_dt' is not used [-Wunused-private-field]
  131 |     float _dt;
      |           ^
1 warning generated.
[8/64] Building CXX object LibCarla/CMakeFiles/carla-client.dir/source/carla/client/ActorList.cpp.o
[9/64] Building CXX object LibCarla/CMakeFiles/carla-client.dir/source/carla/client/Actor.cpp.o
[10/64] Building CXX object LibCarla/CMakeFiles/carla-client.dir/source/carla/client/Light.cpp.o
[11/64] Building CXX object LibCarla/CMakeFiles/carla-client.dir/source/carla/client/DebugHelper.cpp.o
[12/64] Building CXX object LibCarla/CMakeFiles/carla-client.dir/source/carla/client/LaneInvasionSensor.cpp.o
[13/64] Building CXX object LibCarla/CMakeFiles/carla-client.dir/source/carla/client/Walker.cpp.o
[14/64] Building CXX object LibCarla/CMakeFiles/carla-client.dir/source/carla/client/WalkerAIController.cpp.o
[15/64] Building CXX object LibCarla/CMakeFiles/carla-client.dir/source/carla/client/ServerSideSensor.cpp.o
[16/64] Building CXX object LibCarla/CMakeFiles/carla-client.dir/source/carla/client/TrafficLight.cpp.o
[17/64] Building CXX object LibCarla/CMakeFiles/carla-client.dir/source/carla/client/TrafficSign.cpp.o
[18/64] Building CXX object LibCarla/CMakeFiles/carla-client.dir/source/carla/client/Vehicle.cpp.o
[19/64] Building CXX object LibCarla/CMakeFiles/carla-client.dir/source/carla/client/detail/ActorState.cpp.o
[20/64] Building CXX object LibCarla/CMakeFiles/carla-client.dir/source/carla/client/detail/ActorVariant.cpp.o
[21/64] Building CXX object LibCarla/CMakeFiles/carla-client.dir/source/carla/client/World.cpp.o
[22/64] Building CXX object LibCarla/CMakeFiles/carla-client.dir/source/carla/client/detail/ActorFactory.cpp.o
[23/64] Building CXX object LibCarla/CMakeFiles/carla-client.dir/source/carla/client/detail/EpisodeState.cpp.o
[24/64] Building CXX object LibCarla/CMakeFiles/carla-client.dir/source/carla/client/detail/Episode.cpp.o
/mnt/simulations/carla/LibCarla/source/carla/client/detail/Episode.cpp:45:7: warning: field '_simulator' will be initialized after field '_token' [-Wreorder-ctor]
   45 |       _simulator(simulator),
      |       ^~~~~~~~~~~~~~~~~~~~~
      |       _token(info.token)
   46 |       _token(info.token) {}
      |       ~~~~~~~~~~~~~~~~~~
      |       _simulator(simulator)
1 warning generated.
[25/64] Building CXX object LibCarla/CMakeFiles/carla-client.dir/source/carla/client/detail/EpisodeProxy.cpp.o
[26/64] Building CXX object LibCarla/CMakeFiles/carla-client.dir/source/carla/client/detail/Client.cpp.o
[27/64] Building CXX object LibCarla/CMakeFiles/carla-client.dir/source/carla/client/detail/Simulator.cpp.o
[28/64] Building CXX object LibCarla/CMakeFiles/carla-client.dir/source/carla/client/detail/WalkerNavigation.cpp.o
[29/64] Building CXX object LibCarla/CMakeFiles/carla-client.dir/source/carla/nav/Navigation.cpp.o
/mnt/simulations/carla/LibCarla/source/carla/nav/Navigation.cpp:858:9: warning: variable 'total_unblocked' set but not used [-Wunused-but-set-variable]
  858 |     int total_unblocked = 0;
      |         ^
1 warning generated.
[30/64] Building CXX object LibCarla/CMakeFiles/carla-client.dir/source/carla/sensor/Deserializer.cpp.o
[31/64] Building CXX object LibCarla/CMakeFiles/carla-client.dir/source/carla/nav/WalkerEvent.cpp.o
[32/64] Building CXX object LibCarla/CMakeFiles/carla-client.dir/source/carla/sensor/s11n/EpisodeStateSerializer.cpp.o
[33/64] Building CXX object LibCarla/CMakeFiles/carla-client.dir/source/carla/nav/WalkerManager.cpp.o
[34/64] Building CXX object LibCarla/CMakeFiles/carla-client.dir/source/carla/sensor/s11n/CollisionEventSerializer.cpp.o
[35/64] Building CXX object LibCarla/CMakeFiles/carla-client.dir/source/carla/sensor/s11n/ObstacleDetectionEventSerializer.cpp.o
[36/64] Building CXX object LibCarla/CMakeFiles/carla-client.dir/source/carla/sensor/data/LaneInvasionEvent.cpp.o
[37/64] Building CXX object LibCarla/CMakeFiles/carla-client.dir/source/carla/trafficmanager/LocalizationUtils.cpp.o
[38/64] Building CXX object LibCarla/CMakeFiles/carla-client.dir/source/carla/trafficmanager/ALSM.cpp.o
[39/64] Building CXX object LibCarla/CMakeFiles/carla-client.dir/source/carla/trafficmanager/CollisionStage.cpp.o
[40/64] Building CXX object LibCarla/CMakeFiles/carla-client.dir/source/carla/trafficmanager/LocalizationStage.cpp.o
[41/64] Building CXX object LibCarla/CMakeFiles/carla-client.dir/source/carla/trafficmanager/Parameters.cpp.o
[42/64] Building CXX object LibCarla/CMakeFiles/carla-client.dir/source/carla/trafficmanager/SimulationState.cpp.o
[43/64] Building CXX object LibCarla/CMakeFiles/carla-client.dir/source/carla/trafficmanager/MotionPlanStage.cpp.o
[44/64] Building CXX object LibCarla/CMakeFiles/carla-client.dir/source/carla/trafficmanager/TrafficLightStage.cpp.o
[45/64] Building CXX object LibCarla/CMakeFiles/carla-client.dir/source/carla/trafficmanager/VehicleLightStage.cpp.o
[46/64] Performing update step for 'fastdds'
[47/64] No patch step for 'fastdds'
[48/64] Performing configure step for 'fastdds'
-- Version: 2.11.2
-- Enforced cxx_std_11 CMake feature
-- Updating submodule thirdparty/fastcdr
-- Configuring Fast CDR
-- Version: 1.1.0
-- To change the version modify the file configure.ac
-- Enforced cxx_std_11 CMake feature
-- Found fastcdr: /mnt/simulations/carla/Build/Ros2Native/fastdds-prefix/src/fastdds/thirdparty/fastcdr
-- Updating submodule thirdparty/asio
-- Found Asio : /mnt/simulations/carla/Build/Ros2Native/fastdds-prefix/src/fastdds/thirdparty/asio/asio/include
-- Updating submodule thirdparty/tinyxml2
-- Found foonathan_memory: /opt/ros/humble/lib/foonathan_memory/cmake
-- Thirdparty/boost compiled OK
-- OpenSSL library 1.1.1t found...
-- Forcing third party shared_mutex
-- Using linker version script to select exported symbols
-- Configuring done (4.3s)
-- Generating done (0.0s)
-- Build files have been written to: /mnt/simulations/carla/Build/Ros2Native/fastdds-prefix/src/fastdds-build
[49/64] Performing build step for 'fastdds'
ninja: no work to do.
[50/64] Performing install step for 'fastdds'
[0/1] Install the project...
-- Install configuration: "Release"
-- Up-to-date: /mnt/simulations/carla/Build/Ros2Native/install/include/fastcdr
-- Up-to-date: /mnt/simulations/carla/Build/Ros2Native/install/include/fastcdr/FastBuffer.h
-- Up-to-date: /mnt/simulations/carla/Build/Ros2Native/install/include/fastcdr/Cdr.h
-- Up-to-date: /mnt/simulations/carla/Build/Ros2Native/install/include/fastcdr/FastCdr.h
-- Up-to-date: /mnt/simulations/carla/Build/Ros2Native/install/include/fastcdr/fastcdr_dll.h
-- Up-to-date: /mnt/simulations/carla/Build/Ros2Native/install/include/fastcdr/eProsima_auto_link.h
-- Up-to-date: /mnt/simulations/carla/Build/Ros2Native/install/include/fastcdr/exceptions
-- Up-to-date: /mnt/simulations/carla/Build/Ros2Native/install/include/fastcdr/exceptions/BadParamException.h
-- Up-to-date: /mnt/simulations/carla/Build/Ros2Native/install/include/fastcdr/exceptions/NotEnoughMemoryException.h
-- Up-to-date: /mnt/simulations/carla/Build/Ros2Native/install/include/fastcdr/exceptions/Exception.h
-- Up-to-date: /mnt/simulations/carla/Build/Ros2Native/install/include/fastcdr/config.h
-- Up-to-date: /mnt/simulations/carla/Build/Ros2Native/install/lib/libfastcdr.so.1.1.0
-- Up-to-date: /mnt/simulations/carla/Build/Ros2Native/install/lib/libfastcdr.so.1
-- Up-to-date: /mnt/simulations/carla/Build/Ros2Native/install/lib/libfastcdr.so
-- Up-to-date: /mnt/simulations/carla/Build/Ros2Native/install/lib/cmake/fastcdr/fastcdr-shared-targets.cmake
-- Up-to-date: /mnt/simulations/carla/Build/Ros2Native/install/lib/cmake/fastcdr/fastcdr-shared-targets-release.cmake
-- Up-to-date: /mnt/simulations/carla/Build/Ros2Native/install/lib/cmake/fastcdr/fastcdr-config.cmake
-- Up-to-date: /mnt/simulations/carla/Build/Ros2Native/install/lib/cmake/fastcdr/fastcdr-config-version.cmake
-- Installing: /mnt/simulations/carla/Build/Ros2Native/install/share/fastrtps/LICENSE
-- Up-to-date: /mnt/simulations/carla/Build/Ros2Native/install/include/fastrtps
-- Up-to-date: /mnt/simulations/carla/Build/Ros2Native/install/include/fastrtps/Domain.h
-- Up-to-date: /mnt/simulations/carla/Build/Ros2Native/install/include/fastrtps/subscriber
-- Up-to-date: /mnt/simulations/carla/Build/Ros2Native/install/include/fastrtps/subscriber/SubscriberListener.h
-- Up-to-date: /mnt/simulations/carla/Build/Ros2Native/install/include/fastrtps/subscriber/SampleInfo.h
-- Up-to-date: /mnt/simulations/carla/Build/Ros2Native/install/include/fastrtps/subscriber/SubscriberHistory.h
-- Up-to-date: /mnt/simulations/carla/Build/Ros2Native/install/include/fastrtps/subscriber/Subscriber.h
-- Up-to-date: /mnt/simulations/carla/Build/Ros2Native/install/include/fastrtps/log
-- Up-to-date: /mnt/simulations/carla/Build/Ros2Native/install/include/fastrtps/log/Log.h
-- Up-to-date: /mnt/simulations/carla/Build/Ros2Native/install/include/fastrtps/log/StdoutConsumer.h
-- Up-to-date: /mnt/simulations/carla/Build/Ros2Native/install/include/fastrtps/log/Colors.h
-- Up-to-date: /mnt/simulations/carla/Build/Ros2Native/install/include/fastrtps/log/FileConsumer.h
-- Up-to-date: /mnt/simulations/carla/Build/Ros2Native/install/include/fastrtps/qos
-- Up-to-date: /mnt/simulations/carla/Build/Ros2Native/install/include/fastrtps/qos/ParameterTypes.h
-- Up-to-date: /mnt/simulations/carla/Build/Ros2Native/install/include/fastrtps/qos/WriterQos.h
-- Up-to-date: /mnt/simulations/carla/Build/Ros2Native/install/include/fastrtps/qos/DeadlineMissedStatus.h
-- Up-to-date: /mnt/simulations/carla/Build/Ros2Native/install/include/fastrtps/qos/ReaderQos.h
-- Up-to-date: /mnt/simulations/carla/Build/Ros2Native/install/include/fastrtps/qos/LivelinessChangedStatus.h
-- Up-to-date: /mnt/simulations/carla/Build/Ros2Native/install/include/fastrtps/qos/SampleRejectedStatus.hpp
-- Up-to-date: /mnt/simulations/carla/Build/Ros2Native/install/include/fastrtps/qos/IncompatibleQosStatus.hpp
-- Up-to-date: /mnt/simulations/carla/Build/Ros2Native/install/include/fastrtps/qos/QosPolicies.h
-- Up-to-date: /mnt/simulations/carla/Build/Ros2Native/install/include/fastrtps/qos/LivelinessLostStatus.h
-- Up-to-date: /mnt/simulations/carla/Build/Ros2Native/install/include/fastrtps/participant
-- Up-to-date: /mnt/simulations/carla/Build/Ros2Native/install/include/fastrtps/participant/ParticipantListener.h
-- Up-to-date: /mnt/simulations/carla/Build/Ros2Native/install/include/fastrtps/participant/Participant.h
-- Up-to-date: /mnt/simulations/carla/Build/Ros2Native/install/include/fastrtps/fastrtps_dll.h
-- Up-to-date: /mnt/simulations/carla/Build/Ros2Native/install/include/fastrtps/xmlparser
-- Up-to-date: /mnt/simulations/carla/Build/Ros2Native/install/include/fastrtps/xmlparser/XMLEndpointParser.h
-- Up-to-date: /mnt/simulations/carla/Build/Ros2Native/install/include/fastrtps/xmlparser/XMLParser.h
-- Up-to-date: /mnt/simulations/carla/Build/Ros2Native/install/include/fastrtps/xmlparser/XMLTree.h
-- Up-to-date: /mnt/simulations/carla/Build/Ros2Native/install/include/fastrtps/xmlparser/XMLProfileManager.h
-- Up-to-date: /mnt/simulations/carla/Build/Ros2Native/install/include/fastrtps/xmlparser/XMLParserCommon.h
-- Up-to-date: /mnt/simulations/carla/Build/Ros2Native/install/include/fastrtps/TopicDataType.h
-- Up-to-date: /mnt/simulations/carla/Build/Ros2Native/install/include/fastrtps/fastrtps_all.h
-- Up-to-date: /mnt/simulations/carla/Build/Ros2Native/install/include/fastrtps/config
-- Up-to-date: /mnt/simulations/carla/Build/Ros2Native/install/include/fastrtps/config/doxygen_modules.h
-- Up-to-date: /mnt/simulations/carla/Build/Ros2Native/install/include/fastrtps/attributes
-- Up-to-date: /mnt/simulations/carla/Build/Ros2Native/install/include/fastrtps/attributes/SubscriberAttributes.h
-- Up-to-date: /mnt/simulations/carla/Build/Ros2Native/install/include/fastrtps/attributes/PublisherAttributes.h
-- Up-to-date: /mnt/simulations/carla/Build/Ros2Native/install/include/fastrtps/attributes/all_attributes.h
-- Up-to-date: /mnt/simulations/carla/Build/Ros2Native/install/include/fastrtps/attributes/ParticipantAttributes.h
-- Up-to-date: /mnt/simulations/carla/Build/Ros2Native/install/include/fastrtps/attributes/RequesterAttributes.hpp
-- Up-to-date: /mnt/simulations/carla/Build/Ros2Native/install/include/fastrtps/attributes/LibrarySettingsAttributes.h
-- Up-to-date: /mnt/simulations/carla/Build/Ros2Native/install/include/fastrtps/attributes/TopicAttributes.h
-- Up-to-date: /mnt/simulations/carla/Build/Ros2Native/install/include/fastrtps/attributes/ReplierAttributes.hpp
-- Up-to-date: /mnt/simulations/carla/Build/Ros2Native/install/include/fastrtps/publisher
-- Up-to-date: /mnt/simulations/carla/Build/Ros2Native/install/include/fastrtps/publisher/Publisher.h
-- Up-to-date: /mnt/simulations/carla/Build/Ros2Native/install/include/fastrtps/publisher/PublisherListener.h
-- Up-to-date: /mnt/simulations/carla/Build/Ros2Native/install/include/fastrtps/publisher/PublisherHistory.h
-- Up-to-date: /mnt/simulations/carla/Build/Ros2Native/install/include/fastrtps/fastrtps_fwd.h
-- Up-to-date: /mnt/simulations/carla/Build/Ros2Native/install/include/fastrtps/transport
-- Up-to-date: /mnt/simulations/carla/Build/Ros2Native/install/include/fastrtps/transport/test_UDPv4TransportDescriptor.h
-- Up-to-date: /mnt/simulations/carla/Build/Ros2Native/install/include/fastrtps/transport/TCPv4TransportDescriptor.h
-- Up-to-date: /mnt/simulations/carla/Build/Ros2Native/install/include/fastrtps/transport/TransportReceiverInterface.h
-- Up-to-date: /mnt/simulations/carla/Build/Ros2Native/install/include/fastrtps/transport/TCPv6TransportDescriptor.h
-- Up-to-date: /mnt/simulations/carla/Build/Ros2Native/install/include/fastrtps/transport/TCPTransportDescriptor.h
-- Up-to-date: /mnt/simulations/carla/Build/Ros2Native/install/include/fastrtps/transport/TransportDescriptorInterface.h
-- Up-to-date: /mnt/simulations/carla/Build/Ros2Native/install/include/fastrtps/transport/UDPTransportDescriptor.h
-- Up-to-date: /mnt/simulations/carla/Build/Ros2Native/install/include/fastrtps/transport/UDPv4TransportDescriptor.h
-- Up-to-date: /mnt/simulations/carla/Build/Ros2Native/install/include/fastrtps/transport/SocketTransportDescriptor.h
-- Up-to-date: /mnt/simulations/carla/Build/Ros2Native/install/include/fastrtps/transport/TransportInterface.h
-- Up-to-date: /mnt/simulations/carla/Build/Ros2Native/install/include/fastrtps/transport/UDPv6TransportDescriptor.h
-- Up-to-date: /mnt/simulations/carla/Build/Ros2Native/install/include/fastrtps/common
-- Up-to-date: /mnt/simulations/carla/Build/Ros2Native/install/include/fastrtps/common/KeyedChanges.h
-- Up-to-date: /mnt/simulations/carla/Build/Ros2Native/install/include/fastrtps/rtps
-- Up-to-date: /mnt/simulations/carla/Build/Ros2Native/install/include/fastrtps/rtps/builtin
-- Up-to-date: /mnt/simulations/carla/Build/Ros2Native/install/include/fastrtps/rtps/builtin/BuiltinProtocols.h
-- Up-to-date: /mnt/simulations/carla/Build/Ros2Native/install/include/fastrtps/rtps/builtin/liveliness
-- Up-to-date: /mnt/simulations/carla/Build/Ros2Native/install/include/fastrtps/rtps/builtin/liveliness/WLP.h
-- Up-to-date: /mnt/simulations/carla/Build/Ros2Native/install/include/fastrtps/rtps/builtin/liveliness/WLPListener.h
-- Up-to-date: /mnt/simulations/carla/Build/Ros2Native/install/include/fastrtps/rtps/builtin/data
-- Up-to-date: /mnt/simulations/carla/Build/Ros2Native/install/include/fastrtps/rtps/builtin/data/ReaderProxyData.h
-- Up-to-date: /mnt/simulations/carla/Build/Ros2Native/install/include/fastrtps/rtps/builtin/data/WriterProxyData.h
-- Up-to-date: /mnt/simulations/carla/Build/Ros2Native/install/include/fastrtps/rtps/builtin/data/ParticipantProxyData.h
-- Up-to-date: /mnt/simulations/carla/Build/Ros2Native/install/include/fastrtps/rtps/builtin/discovery
-- Up-to-date: /mnt/simulations/carla/Build/Ros2Native/install/include/fastrtps/rtps/builtin/discovery/participant
-- Up-to-date: /mnt/simulations/carla/Build/Ros2Native/install/include/fastrtps/rtps/builtin/discovery/participant/PDPListener.h
-- Up-to-date: /mnt/simulations/carla/Build/Ros2Native/install/include/fastrtps/rtps/builtin/discovery/participant/PDPSimple.h
-- Up-to-date: /mnt/simulations/carla/Build/Ros2Native/install/include/fastrtps/rtps/builtin/discovery/participant/PDP.h
-- Up-to-date: /mnt/simulations/carla/Build/Ros2Native/install/include/fastrtps/rtps/builtin/discovery/endpoint
-- Up-to-date: /mnt/simulations/carla/Build/Ros2Native/install/include/fastrtps/rtps/builtin/discovery/endpoint/EDP.h
-- Up-to-date: /mnt/simulations/carla/Build/Ros2Native/install/include/fastrtps/rtps/builtin/discovery/endpoint/EDPSimple.h
-- Up-to-date: /mnt/simulations/carla/Build/Ros2Native/install/include/fastrtps/rtps/builtin/discovery/endpoint/EDPStatic.h
-- Up-to-date: /mnt/simulations/carla/Build/Ros2Native/install/include/fastrtps/rtps/messages
-- Up-to-date: /mnt/simulations/carla/Build/Ros2Native/install/include/fastrtps/rtps/messages/CDRMessage.h
-- Up-to-date: /mnt/simulations/carla/Build/Ros2Native/install/include/fastrtps/rtps/messages/RTPSMessageCreator.h
-- Up-to-date: /mnt/simulations/carla/Build/Ros2Native/install/include/fastrtps/rtps/messages/RTPS_messages.h
-- Up-to-date: /mnt/simulations/carla/Build/Ros2Native/install/include/fastrtps/rtps/messages/RTPSMessageSenderInterface.hpp
-- Up-to-date: /mnt/simulations/carla/Build/Ros2Native/install/include/fastrtps/rtps/messages/MessageReceiver.h
-- Up-to-date: /mnt/simulations/carla/Build/Ros2Native/install/include/fastrtps/rtps/messages/RTPSMessageGroup.h
-- Up-to-date: /mnt/simulations/carla/Build/Ros2Native/install/include/fastrtps/rtps/flowcontrol
-- Up-to-date: /mnt/simulations/carla/Build/Ros2Native/install/include/fastrtps/rtps/flowcontrol/ThroughputControllerDescriptor.h
-- Up-to-date: /mnt/simulations/carla/Build/Ros2Native/install/include/fastrtps/rtps/participant
-- Up-to-date: /mnt/simulations/carla/Build/Ros2Native/install/include/fastrtps/rtps/participant/RTPSParticipantListener.h
-- Up-to-date: /mnt/simulations/carla/Build/Ros2Native/install/include/fastrtps/rtps/participant/RTPSParticipant.h
-- Up-to-date: /mnt/simulations/carla/Build/Ros2Native/install/include/fastrtps/rtps/participant/ParticipantDiscoveryInfo.h
-- Up-to-date: /mnt/simulations/carla/Build/Ros2Native/install/include/fastrtps/rtps/history
-- Up-to-date: /mnt/simulations/carla/Build/Ros2Native/install/include/fastrtps/rtps/history/History.h
-- Up-to-date: /mnt/simulations/carla/Build/Ros2Native/install/include/fastrtps/rtps/history/ReaderHistory.h
-- Up-to-date: /mnt/simulations/carla/Build/Ros2Native/install/include/fastrtps/rtps/history/WriterHistory.h
-- Up-to-date: /mnt/simulations/carla/Build/Ros2Native/install/include/fastrtps/rtps/Endpoint.h
-- Up-to-date: /mnt/simulations/carla/Build/Ros2Native/install/include/fastrtps/rtps/attributes
-- Up-to-date: /mnt/simulations/carla/Build/Ros2Native/install/include/fastrtps/rtps/attributes/RTPSParticipantAttributes.h
-- Up-to-date: /mnt/simulations/carla/Build/Ros2Native/install/include/fastrtps/rtps/attributes/ServerAttributes.h
-- Up-to-date: /mnt/simulations/carla/Build/Ros2Native/install/include/fastrtps/rtps/attributes/ReaderAttributes.h
-- Up-to-date: /mnt/simulations/carla/Build/Ros2Native/install/include/fastrtps/rtps/attributes/HistoryAttributes.h
-- Up-to-date: /mnt/simulations/carla/Build/Ros2Native/install/include/fastrtps/rtps/attributes/RTPSParticipantAllocationAttributes.hpp
-- Up-to-date: /mnt/simulations/carla/Build/Ros2Native/install/include/fastrtps/rtps/attributes/PropertyPolicy.h
-- Up-to-date: /mnt/simulations/carla/Build/Ros2Native/install/include/fastrtps/rtps/attributes/EndpointAttributes.h
-- Up-to-date: /mnt/simulations/carla/Build/Ros2Native/install/include/fastrtps/rtps/attributes/WriterAttributes.h
-- Up-to-date: /mnt/simulations/carla/Build/Ros2Native/install/include/fastrtps/rtps/common
-- Up-to-date: /mnt/simulations/carla/Build/Ros2Native/install/include/fastrtps/rtps/common/FragmentNumber.h
-- Up-to-date: /mnt/simulations/carla/Build/Ros2Native/install/include/fastrtps/rtps/common/Guid.h
-- Up-to-date: /mnt/simulations/carla/Build/Ros2Native/install/include/fastrtps/rtps/common/SerializedPayload.h
-- Up-to-date: /mnt/simulations/carla/Build/Ros2Native/install/include/fastrtps/rtps/common/MatchingInfo.h
-- Up-to-date: /mnt/simulations/carla/Build/Ros2Native/install/include/fastrtps/rtps/common/LocatorSelector.hpp
-- Up-to-date: /mnt/simulations/carla/Build/Ros2Native/install/include/fastrtps/rtps/common/SampleIdentity.h
-- Up-to-date: /mnt/simulations/carla/Build/Ros2Native/install/include/fastrtps/rtps/common/SequenceNumber.h
-- Up-to-date: /mnt/simulations/carla/Build/Ros2Native/install/include/fastrtps/rtps/common/Types.h
-- Up-to-date: /mnt/simulations/carla/Build/Ros2Native/install/include/fastrtps/rtps/common/PortParameters.h
-- Up-to-date: /mnt/simulations/carla/Build/Ros2Native/install/include/fastrtps/rtps/common/RemoteLocators.hpp
-- Up-to-date: /mnt/simulations/carla/Build/Ros2Native/install/include/fastrtps/rtps/common/LocatorListComparisons.hpp
-- Up-to-date: /mnt/simulations/carla/Build/Ros2Native/install/include/fastrtps/rtps/common/CDRMessage_t.h
-- Up-to-date: /mnt/simulations/carla/Build/Ros2Native/install/include/fastrtps/rtps/common/InstanceHandle.h
-- Up-to-date: /mnt/simulations/carla/Build/Ros2Native/install/include/fastrtps/rtps/common/BinaryProperty.h
-- Up-to-date: /mnt/simulations/carla/Build/Ros2Native/install/include/fastrtps/rtps/common/LocatorSelectorEntry.hpp
-- Up-to-date: /mnt/simulations/carla/Build/Ros2Native/install/include/fastrtps/rtps/common/WriteParams.h
-- Up-to-date: /mnt/simulations/carla/Build/Ros2Native/install/include/fastrtps/rtps/common/all_common.h
-- Up-to-date: /mnt/simulations/carla/Build/Ros2Native/install/include/fastrtps/rtps/common/CacheChange.h
-- Up-to-date: /mnt/simulations/carla/Build/Ros2Native/install/include/fastrtps/rtps/common/Property.h
-- Up-to-date: /mnt/simulations/carla/Build/Ros2Native/install/include/fastrtps/rtps/common/Locator.h
-- Up-to-date: /mnt/simulations/carla/Build/Ros2Native/install/include/fastrtps/rtps/common/Time_t.h
-- Up-to-date: /mnt/simulations/carla/Build/Ros2Native/install/include/fastrtps/rtps/common/Token.h
-- Up-to-date: /mnt/simulations/carla/Build/Ros2Native/install/include/fastrtps/rtps/writer
-- Up-to-date: /mnt/simulations/carla/Build/Ros2Native/install/include/fastrtps/rtps/writer/StatelessWriter.h
-- Up-to-date: /mnt/simulations/carla/Build/Ros2Native/install/include/fastrtps/rtps/writer/ReaderLocator.h
-- Up-to-date: /mnt/simulations/carla/Build/Ros2Native/install/include/fastrtps/rtps/writer/WriterListener.h
-- Up-to-date: /mnt/simulations/carla/Build/Ros2Native/install/include/fastrtps/rtps/writer/PersistentWriter.h
-- Up-to-date: /mnt/simulations/carla/Build/Ros2Native/install/include/fastrtps/rtps/writer/RTPSWriter.h
-- Up-to-date: /mnt/simulations/carla/Build/Ros2Native/install/include/fastrtps/rtps/writer/ReaderProxy.h
-- Up-to-date: /mnt/simulations/carla/Build/Ros2Native/install/include/fastrtps/rtps/writer/LivelinessManager.h
-- Up-to-date: /mnt/simulations/carla/Build/Ros2Native/install/include/fastrtps/rtps/writer/StatefulPersistentWriter.h
-- Up-to-date: /mnt/simulations/carla/Build/Ros2Native/install/include/fastrtps/rtps/writer/WriterDiscoveryInfo.h
-- Up-to-date: /mnt/simulations/carla/Build/Ros2Native/install/include/fastrtps/rtps/writer/StatefulWriter.h
-- Up-to-date: /mnt/simulations/carla/Build/Ros2Native/install/include/fastrtps/rtps/writer/StatelessPersistentWriter.h
-- Up-to-date: /mnt/simulations/carla/Build/Ros2Native/install/include/fastrtps/rtps/writer/LivelinessData.h
-- Up-to-date: /mnt/simulations/carla/Build/Ros2Native/install/include/fastrtps/rtps/security
-- Up-to-date: /mnt/simulations/carla/Build/Ros2Native/install/include/fastrtps/rtps/security/authentication
-- Up-to-date: /mnt/simulations/carla/Build/Ros2Native/install/include/fastrtps/rtps/security/authentication/Handshake.h
-- Up-to-date: /mnt/simulations/carla/Build/Ros2Native/install/include/fastrtps/rtps/security/authentication/Authentication.h
-- Up-to-date: /mnt/simulations/carla/Build/Ros2Native/install/include/fastrtps/rtps/security/accesscontrol
-- Up-to-date: /mnt/simulations/carla/Build/Ros2Native/install/include/fastrtps/rtps/security/accesscontrol/EndpointSecurityAttributes.h
-- Up-to-date: /mnt/simulations/carla/Build/Ros2Native/install/include/fastrtps/rtps/security/accesscontrol/SecurityMaskUtilities.h
-- Up-to-date: /mnt/simulations/carla/Build/Ros2Native/install/include/fastrtps/rtps/security/accesscontrol/AccessControl.h
-- Up-to-date: /mnt/simulations/carla/Build/Ros2Native/install/include/fastrtps/rtps/security/accesscontrol/ParticipantSecurityAttributes.h
-- Up-to-date: /mnt/simulations/carla/Build/Ros2Native/install/include/fastrtps/rtps/security/common
-- Up-to-date: /mnt/simulations/carla/Build/Ros2Native/install/include/fastrtps/rtps/security/common/ParticipantGenericMessage.h
-- Up-to-date: /mnt/simulations/carla/Build/Ros2Native/install/include/fastrtps/rtps/security/common/Handle.h
-- Up-to-date: /mnt/simulations/carla/Build/Ros2Native/install/include/fastrtps/rtps/security/common/SharedSecretHandle.h
-- Up-to-date: /mnt/simulations/carla/Build/Ros2Native/install/include/fastrtps/rtps/security/cryptography
-- Up-to-date: /mnt/simulations/carla/Build/Ros2Native/install/include/fastrtps/rtps/security/cryptography/CryptoKeyFactory.h
-- Up-to-date: /mnt/simulations/carla/Build/Ros2Native/install/include/fastrtps/rtps/security/cryptography/CryptoTypes.h
-- Up-to-date: /mnt/simulations/carla/Build/Ros2Native/install/include/fastrtps/rtps/security/cryptography/CryptoTransform.h
-- Up-to-date: /mnt/simulations/carla/Build/Ros2Native/install/include/fastrtps/rtps/security/cryptography/Cryptography.h
-- Up-to-date: /mnt/simulations/carla/Build/Ros2Native/install/include/fastrtps/rtps/security/cryptography/CryptoKeyExchange.h
-- Up-to-date: /mnt/simulations/carla/Build/Ros2Native/install/include/fastrtps/rtps/security/exceptions
-- Up-to-date: /mnt/simulations/carla/Build/Ros2Native/install/include/fastrtps/rtps/security/exceptions/SecurityException.h
-- Up-to-date: /mnt/simulations/carla/Build/Ros2Native/install/include/fastrtps/rtps/rtps_all.h
-- Up-to-date: /mnt/simulations/carla/Build/Ros2Native/install/include/fastrtps/rtps/rtps_fwd.h
-- Up-to-date: /mnt/simulations/carla/Build/Ros2Native/install/include/fastrtps/rtps/resources
-- Up-to-date: /mnt/simulations/carla/Build/Ros2Native/install/include/fastrtps/rtps/resources/ResourceEvent.h
-- Up-to-date: /mnt/simulations/carla/Build/Ros2Native/install/include/fastrtps/rtps/resources/ResourceManagement.h
-- Up-to-date: /mnt/simulations/carla/Build/Ros2Native/install/include/fastrtps/rtps/resources/TimedEvent.h
-- Up-to-date: /mnt/simulations/carla/Build/Ros2Native/install/include/fastrtps/rtps/reader
-- Up-to-date: /mnt/simulations/carla/Build/Ros2Native/install/include/fastrtps/rtps/reader/StatelessReader.h
-- Up-to-date: /mnt/simulations/carla/Build/Ros2Native/install/include/fastrtps/rtps/reader/StatefulReader.h
-- Up-to-date: /mnt/simulations/carla/Build/Ros2Native/install/include/fastrtps/rtps/reader/StatelessPersistentReader.h
-- Up-to-date: /mnt/simulations/carla/Build/Ros2Native/install/include/fastrtps/rtps/reader/StatefulPersistentReader.h
-- Up-to-date: /mnt/simulations/carla/Build/Ros2Native/install/include/fastrtps/rtps/reader/ReaderDiscoveryInfo.h
-- Up-to-date: /mnt/simulations/carla/Build/Ros2Native/install/include/fastrtps/rtps/reader/RTPSReader.h
-- Up-to-date: /mnt/simulations/carla/Build/Ros2Native/install/include/fastrtps/rtps/reader/ReaderListener.h
-- Up-to-date: /mnt/simulations/carla/Build/Ros2Native/install/include/fastrtps/rtps/RTPSDomain.h
-- Up-to-date: /mnt/simulations/carla/Build/Ros2Native/install/include/fastrtps/rtps/exceptions
-- Up-to-date: /mnt/simulations/carla/Build/Ros2Native/install/include/fastrtps/rtps/exceptions/Exception.h
-- Up-to-date: /mnt/simulations/carla/Build/Ros2Native/install/include/fastrtps/rtps/network
-- Up-to-date: /mnt/simulations/carla/Build/Ros2Native/install/include/fastrtps/rtps/network/SenderResource.h
-- Up-to-date: /mnt/simulations/carla/Build/Ros2Native/install/include/fastrtps/eProsima_auto_link.h
-- Up-to-date: /mnt/simulations/carla/Build/Ros2Native/install/include/fastrtps/types
-- Up-to-date: /mnt/simulations/carla/Build/Ros2Native/install/include/fastrtps/types/MemberDescriptor.h
-- Up-to-date: /mnt/simulations/carla/Build/Ros2Native/install/include/fastrtps/types/AnnotationParameterValue.h
-- Up-to-date: /mnt/simulations/carla/Build/Ros2Native/install/include/fastrtps/types/TypeObject.h
-- Up-to-date: /mnt/simulations/carla/Build/Ros2Native/install/include/fastrtps/types/DynamicDataPtr.h
-- Up-to-date: /mnt/simulations/carla/Build/Ros2Native/install/include/fastrtps/types/TypeIdentifierTypes.h
-- Up-to-date: /mnt/simulations/carla/Build/Ros2Native/install/include/fastrtps/types/DynamicDataFactory.h
-- Up-to-date: /mnt/simulations/carla/Build/Ros2Native/install/include/fastrtps/types/DynamicTypeBuilderPtr.h
-- Up-to-date: /mnt/simulations/carla/Build/Ros2Native/install/include/fastrtps/types/DynamicPubSubType.h
-- Up-to-date: /mnt/simulations/carla/Build/Ros2Native/install/include/fastrtps/types/TypeNamesGenerator.h
-- Up-to-date: /mnt/simulations/carla/Build/Ros2Native/install/include/fastrtps/types/DynamicTypeBuilder.h
-- Up-to-date: /mnt/simulations/carla/Build/Ros2Native/install/include/fastrtps/types/TypeDescriptor.h
-- Up-to-date: /mnt/simulations/carla/Build/Ros2Native/install/include/fastrtps/types/DynamicTypeBuilderFactory.h
-- Up-to-date: /mnt/simulations/carla/Build/Ros2Native/install/include/fastrtps/types/AnnotationDescriptor.h
-- Up-to-date: /mnt/simulations/carla/Build/Ros2Native/install/include/fastrtps/types/TypeIdentifier.h
-- Up-to-date: /mnt/simulations/carla/Build/Ros2Native/install/include/fastrtps/types/TypesBase.h
-- Up-to-date: /mnt/simulations/carla/Build/Ros2Native/install/include/fastrtps/types/DynamicData.h
-- Up-to-date: /mnt/simulations/carla/Build/Ros2Native/install/include/fastrtps/types/DynamicDataHelper.hpp
-- Up-to-date: /mnt/simulations/carla/Build/Ros2Native/install/include/fastrtps/types/DynamicType.h
-- Up-to-date: /mnt/simulations/carla/Build/Ros2Native/install/include/fastrtps/types/TypeObjectHashId.h
-- Up-to-date: /mnt/simulations/carla/Build/Ros2Native/install/include/fastrtps/types/DynamicTypeMember.h
-- Up-to-date: /mnt/simulations/carla/Build/Ros2Native/install/include/fastrtps/types/TypeObjectFactory.h
-- Up-to-date: /mnt/simulations/carla/Build/Ros2Native/install/include/fastrtps/types/DynamicTypePtr.h
-- Up-to-date: /mnt/simulations/carla/Build/Ros2Native/install/include/fastrtps/types/BuiltinAnnotationsTypeObject.h
-- Up-to-date: /mnt/simulations/carla/Build/Ros2Native/install/include/fastrtps/utils
-- Up-to-date: /mnt/simulations/carla/Build/Ros2Native/install/include/fastrtps/utils/shared_mutex.hpp
-- Up-to-date: /mnt/simulations/carla/Build/Ros2Native/install/include/fastrtps/utils/TimeConversion.h
-- Up-to-date: /mnt/simulations/carla/Build/Ros2Native/install/include/fastrtps/utils/fixed_size_bitmap.hpp
-- Up-to-date: /mnt/simulations/carla/Build/Ros2Native/install/include/fastrtps/utils/string_convert.hpp
-- Up-to-date: /mnt/simulations/carla/Build/Ros2Native/install/include/fastrtps/utils/DBQueue.h
-- Up-to-date: /mnt/simulations/carla/Build/Ros2Native/install/include/fastrtps/utils/IPFinder.h
-- Up-to-date: /mnt/simulations/carla/Build/Ros2Native/install/include/fastrtps/utils/System.h
-- Up-to-date: /mnt/simulations/carla/Build/Ros2Native/install/include/fastrtps/utils/Semaphore.h
-- Up-to-date: /mnt/simulations/carla/Build/Ros2Native/install/include/fastrtps/utils/TimedConditionVariable.hpp
-- Up-to-date: /mnt/simulations/carla/Build/Ros2Native/install/include/fastrtps/utils/TimedMutex.hpp
-- Up-to-date: /mnt/simulations/carla/Build/Ros2Native/install/include/fastrtps/utils/StringMatching.h
-- Up-to-date: /mnt/simulations/carla/Build/Ros2Native/install/include/fastrtps/utils/collections
-- Up-to-date: /mnt/simulations/carla/Build/Ros2Native/install/include/fastrtps/utils/collections/foonathan_memory_helpers.hpp
-- Up-to-date: /mnt/simulations/carla/Build/Ros2Native/install/include/fastrtps/utils/collections/ResourceLimitedContainerConfig.hpp
-- Up-to-date: /mnt/simulations/carla/Build/Ros2Native/install/include/fastrtps/utils/collections/ResourceLimitedVector.hpp
-- Up-to-date: /mnt/simulations/carla/Build/Ros2Native/install/include/fastrtps/utils/ProxyPool.hpp
-- Up-to-date: /mnt/simulations/carla/Build/Ros2Native/install/include/fastrtps/utils/md5.h
-- Up-to-date: /mnt/simulations/carla/Build/Ros2Native/install/include/fastrtps/utils/IPLocator.h
-- Up-to-date: /mnt/simulations/carla/Build/Ros2Native/install/include/fastrtps/utils/fixed_size_string.hpp
-- Up-to-date: /mnt/simulations/carla/Build/Ros2Native/install/include/fastdds
-- Up-to-date: /mnt/simulations/carla/Build/Ros2Native/install/include/fastdds/dds
-- Up-to-date: /mnt/simulations/carla/Build/Ros2Native/install/include/fastdds/dds/builtin
-- Up-to-date: /mnt/simulations/carla/Build/Ros2Native/install/include/fastdds/dds/builtin/topic
-- Up-to-date: /mnt/simulations/carla/Build/Ros2Native/install/include/fastdds/dds/builtin/topic/SubscriptionBuiltinTopicData.hpp
-- Up-to-date: /mnt/simulations/carla/Build/Ros2Native/install/include/fastdds/dds/builtin/topic/PublicationBuiltinTopicData.hpp
-- Up-to-date: /mnt/simulations/carla/Build/Ros2Native/install/include/fastdds/dds/builtin/topic/TopicBuiltinTopicData.hpp
-- Up-to-date: /mnt/simulations/carla/Build/Ros2Native/install/include/fastdds/dds/builtin/topic/BuiltinTopicKey.hpp
-- Up-to-date: /mnt/simulations/carla/Build/Ros2Native/install/include/fastdds/dds/builtin/topic/ParticipantBuiltinTopicData.hpp
-- Up-to-date: /mnt/simulations/carla/Build/Ros2Native/install/include/fastdds/dds/builtin/common
-- Up-to-date: /mnt/simulations/carla/Build/Ros2Native/install/include/fastdds/dds/builtin/common/Types.hpp
-- Up-to-date: /mnt/simulations/carla/Build/Ros2Native/install/include/fastdds/dds/builtin/common/RequestHeader.hpp
-- Up-to-date: /mnt/simulations/carla/Build/Ros2Native/install/include/fastdds/dds/builtin/common/ReplyHeader.hpp
-- Up-to-date: /mnt/simulations/carla/Build/Ros2Native/install/include/fastdds/dds/builtin/typelookup
-- Up-to-date: /mnt/simulations/carla/Build/Ros2Native/install/include/fastdds/dds/builtin/typelookup/TypeLookupRequestListener.hpp
-- Up-to-date: /mnt/simulations/carla/Build/Ros2Native/install/include/fastdds/dds/builtin/typelookup/TypeLookupReplyListener.hpp
-- Up-to-date: /mnt/simulations/carla/Build/Ros2Native/install/include/fastdds/dds/builtin/typelookup/common
-- Up-to-date: /mnt/simulations/carla/Build/Ros2Native/install/include/fastdds/dds/builtin/typelookup/common/TypeLookupTypes.hpp
-- Up-to-date: /mnt/simulations/carla/Build/Ros2Native/install/include/fastdds/dds/builtin/typelookup/TypeLookupManager.hpp
-- Up-to-date: /mnt/simulations/carla/Build/Ros2Native/install/include/fastdds/dds/subscriber
-- Up-to-date: /mnt/simulations/carla/Build/Ros2Native/install/include/fastdds/dds/subscriber/DataReaderListener.hpp
-- Up-to-date: /mnt/simulations/carla/Build/Ros2Native/install/include/fastdds/dds/subscriber/DataReader.hpp
-- Up-to-date: /mnt/simulations/carla/Build/Ros2Native/install/include/fastdds/dds/subscriber/InstanceState.hpp
-- Up-to-date: /mnt/simulations/carla/Build/Ros2Native/install/include/fastdds/dds/subscriber/qos
-- Up-to-date: /mnt/simulations/carla/Build/Ros2Native/install/include/fastdds/dds/subscriber/qos/SubscriberQos.hpp
-- Up-to-date: /mnt/simulations/carla/Build/Ros2Native/install/include/fastdds/dds/subscriber/qos/ReaderQos.hpp
-- Up-to-date: /mnt/simulations/carla/Build/Ros2Native/install/include/fastdds/dds/subscriber/qos/DataReaderQos.hpp
-- Up-to-date: /mnt/simulations/carla/Build/Ros2Native/install/include/fastdds/dds/subscriber/SampleState.hpp
-- Up-to-date: /mnt/simulations/carla/Build/Ros2Native/install/include/fastdds/dds/subscriber/ReadCondition.hpp
-- Up-to-date: /mnt/simulations/carla/Build/Ros2Native/install/include/fastdds/dds/subscriber/ViewState.hpp
-- Up-to-date: /mnt/simulations/carla/Build/Ros2Native/install/include/fastdds/dds/subscriber/SampleInfo.hpp
-- Up-to-date: /mnt/simulations/carla/Build/Ros2Native/install/include/fastdds/dds/subscriber/SubscriberListener.hpp
-- Up-to-date: /mnt/simulations/carla/Build/Ros2Native/install/include/fastdds/dds/subscriber/Subscriber.hpp
-- Up-to-date: /mnt/simulations/carla/Build/Ros2Native/install/include/fastdds/dds/log
-- Up-to-date: /mnt/simulations/carla/Build/Ros2Native/install/include/fastdds/dds/log/OStreamConsumer.hpp
-- Up-to-date: /mnt/simulations/carla/Build/Ros2Native/install/include/fastdds/dds/log/FileConsumer.hpp
-- Up-to-date: /mnt/simulations/carla/Build/Ros2Native/install/include/fastdds/dds/log/Log.hpp
-- Up-to-date: /mnt/simulations/carla/Build/Ros2Native/install/include/fastdds/dds/log/StdoutErrConsumer.hpp
-- Up-to-date: /mnt/simulations/carla/Build/Ros2Native/install/include/fastdds/dds/log/StdoutConsumer.hpp
-- Up-to-date: /mnt/simulations/carla/Build/Ros2Native/install/include/fastdds/dds/log/Colors.hpp
-- Up-to-date: /mnt/simulations/carla/Build/Ros2Native/install/include/fastdds/dds/topic
-- Up-to-date: /mnt/simulations/carla/Build/Ros2Native/install/include/fastdds/dds/topic/TopicDataType.hpp
-- Up-to-date: /mnt/simulations/carla/Build/Ros2Native/install/include/fastdds/dds/topic/TopicDescription.hpp
-- Up-to-date: /mnt/simulations/carla/Build/Ros2Native/install/include/fastdds/dds/topic/TypeSupport.hpp
-- Up-to-date: /mnt/simulations/carla/Build/Ros2Native/install/include/fastdds/dds/topic/qos
-- Up-to-date: /mnt/simulations/carla/Build/Ros2Native/install/include/fastdds/dds/topic/qos/TopicQos.hpp
-- Up-to-date: /mnt/simulations/carla/Build/Ros2Native/install/include/fastdds/dds/topic/IContentFilter.hpp
-- Up-to-date: /mnt/simulations/carla/Build/Ros2Native/install/include/fastdds/dds/topic/TopicListener.hpp
-- Up-to-date: /mnt/simulations/carla/Build/Ros2Native/install/include/fastdds/dds/topic/ContentFilteredTopic.hpp
-- Up-to-date: /mnt/simulations/carla/Build/Ros2Native/install/include/fastdds/dds/topic/Topic.hpp
-- Up-to-date: /mnt/simulations/carla/Build/Ros2Native/install/include/fastdds/dds/topic/IContentFilterFactory.hpp
-- Up-to-date: /mnt/simulations/carla/Build/Ros2Native/install/include/fastdds/dds/publisher
-- Up-to-date: /mnt/simulations/carla/Build/Ros2Native/install/include/fastdds/dds/publisher/qos
-- Up-to-date: /mnt/simulations/carla/Build/Ros2Native/install/include/fastdds/dds/publisher/qos/PublisherQos.hpp
-- Up-to-date: /mnt/simulations/carla/Build/Ros2Native/install/include/fastdds/dds/publisher/qos/WriterQos.hpp
-- Up-to-date: /mnt/simulations/carla/Build/Ros2Native/install/include/fastdds/dds/publisher/qos/DataWriterQos.hpp
-- Up-to-date: /mnt/simulations/carla/Build/Ros2Native/install/include/fastdds/dds/publisher/Publisher.hpp
-- Up-to-date: /mnt/simulations/carla/Build/Ros2Native/install/include/fastdds/dds/publisher/DataWriterListener.hpp
-- Up-to-date: /mnt/simulations/carla/Build/Ros2Native/install/include/fastdds/dds/publisher/PublisherListener.hpp
-- Up-to-date: /mnt/simulations/carla/Build/Ros2Native/install/include/fastdds/dds/publisher/DataWriter.hpp
-- Up-to-date: /mnt/simulations/carla/Build/Ros2Native/install/include/fastdds/dds/domain
-- Up-to-date: /mnt/simulations/carla/Build/Ros2Native/install/include/fastdds/dds/domain/DomainParticipantFactory.hpp
-- Up-to-date: /mnt/simulations/carla/Build/Ros2Native/install/include/fastdds/dds/domain/qos
-- Up-to-date: /mnt/simulations/carla/Build/Ros2Native/install/include/fastdds/dds/domain/qos/DomainParticipantQos.hpp
-- Up-to-date: /mnt/simulations/carla/Build/Ros2Native/install/include/fastdds/dds/domain/qos/DomainParticipantFactoryQos.hpp
-- Up-to-date: /mnt/simulations/carla/Build/Ros2Native/install/include/fastdds/dds/domain/DomainParticipant.hpp
-- Up-to-date: /mnt/simulations/carla/Build/Ros2Native/install/include/fastdds/dds/domain/DomainParticipantListener.hpp
-- Up-to-date: /mnt/simulations/carla/Build/Ros2Native/install/include/fastdds/dds/core
-- Up-to-date: /mnt/simulations/carla/Build/Ros2Native/install/include/fastdds/dds/core/condition
-- Up-to-date: /mnt/simulations/carla/Build/Ros2Native/install/include/fastdds/dds/core/condition/GuardCondition.hpp
-- Up-to-date: /mnt/simulations/carla/Build/Ros2Native/install/include/fastdds/dds/core/condition/WaitSet.hpp
-- Up-to-date: /mnt/simulations/carla/Build/Ros2Native/install/include/fastdds/dds/core/condition/Condition.hpp
-- Up-to-date: /mnt/simulations/carla/Build/Ros2Native/install/include/fastdds/dds/core/condition/StatusCondition.hpp
-- Up-to-date: /mnt/simulations/carla/Build/Ros2Native/install/include/fastdds/dds/core/LoanableSequence.hpp
-- Up-to-date: /mnt/simulations/carla/Build/Ros2Native/install/include/fastdds/dds/core/LoanableCollection.hpp
-- Up-to-date: /mnt/simulations/carla/Build/Ros2Native/install/include/fastdds/dds/core/StackAllocatedSequence.hpp
-- Up-to-date: /mnt/simulations/carla/Build/Ros2Native/install/include/fastdds/dds/core/policy
-- Up-to-date: /mnt/simulations/carla/Build/Ros2Native/install/include/fastdds/dds/core/policy/ReaderDataLifecycleQosPolicy.hpp
-- Up-to-date: /mnt/simulations/carla/Build/Ros2Native/install/include/fastdds/dds/core/policy/QosPolicies.hpp
-- Up-to-date: /mnt/simulations/carla/Build/Ros2Native/install/include/fastdds/dds/core/policy/WriterDataLifecycleQosPolicy.hpp
-- Up-to-date: /mnt/simulations/carla/Build/Ros2Native/install/include/fastdds/dds/core/policy/ParameterTypes.hpp
-- Up-to-date: /mnt/simulations/carla/Build/Ros2Native/install/include/fastdds/dds/core/status
-- Up-to-date: /mnt/simulations/carla/Build/Ros2Native/install/include/fastdds/dds/core/status/DeadlineMissedStatus.hpp
-- Up-to-date: /mnt/simulations/carla/Build/Ros2Native/install/include/fastdds/dds/core/status/PublicationMatchedStatus.hpp
-- Up-to-date: /mnt/simulations/carla/Build/Ros2Native/install/include/fastdds/dds/core/status/StatusMask.hpp
-- Up-to-date: /mnt/simulations/carla/Build/Ros2Native/install/include/fastdds/dds/core/status/LivelinessChangedStatus.hpp
-- Up-to-date: /mnt/simulations/carla/Build/Ros2Native/install/include/fastdds/dds/core/status/SubscriptionMatchedStatus.hpp
-- Up-to-date: /mnt/simulations/carla/Build/Ros2Native/install/include/fastdds/dds/core/status/SampleRejectedStatus.hpp
-- Up-to-date: /mnt/simulations/carla/Build/Ros2Native/install/include/fastdds/dds/core/status/IncompatibleQosStatus.hpp
-- Up-to-date: /mnt/simulations/carla/Build/Ros2Native/install/include/fastdds/dds/core/status/BaseStatus.hpp
-- Up-to-date: /mnt/simulations/carla/Build/Ros2Native/install/include/fastdds/dds/core/status/MatchedStatus.hpp
-- Up-to-date: /mnt/simulations/carla/Build/Ros2Native/install/include/fastdds/dds/core/LoanableArray.hpp
-- Up-to-date: /mnt/simulations/carla/Build/Ros2Native/install/include/fastdds/dds/core/Entity.hpp
-- Up-to-date: /mnt/simulations/carla/Build/Ros2Native/install/include/fastdds/dds/core/UserAllocatedSequence.hpp
-- Up-to-date: /mnt/simulations/carla/Build/Ros2Native/install/include/fastdds/dds/core/LoanableTypedCollection.hpp
-- Up-to-date: /mnt/simulations/carla/Build/Ros2Native/install/include/fastdds/dds/common
-- Up-to-date: /mnt/simulations/carla/Build/Ros2Native/install/include/fastdds/dds/common/InstanceHandle.hpp
-- Up-to-date: /mnt/simulations/carla/Build/Ros2Native/install/include/fastdds/rtps
-- Up-to-date: /mnt/simulations/carla/Build/Ros2Native/install/include/fastdds/rtps/builtin
-- Up-to-date: /mnt/simulations/carla/Build/Ros2Native/install/include/fastdds/rtps/builtin/BuiltinProtocols.h
-- Up-to-date: /mnt/simulations/carla/Build/Ros2Native/install/include/fastdds/rtps/builtin/liveliness
-- Up-to-date: /mnt/simulations/carla/Build/Ros2Native/install/include/fastdds/rtps/builtin/liveliness/WLP.h
-- Up-to-date: /mnt/simulations/carla/Build/Ros2Native/install/include/fastdds/rtps/builtin/liveliness/WLPListener.h
-- Up-to-date: /mnt/simulations/carla/Build/Ros2Native/install/include/fastdds/rtps/builtin/data
-- Up-to-date: /mnt/simulations/carla/Build/Ros2Native/install/include/fastdds/rtps/builtin/data/BuiltinEndpoints.hpp
-- Up-to-date: /mnt/simulations/carla/Build/Ros2Native/install/include/fastdds/rtps/builtin/data/ContentFilterProperty.hpp
-- Up-to-date: /mnt/simulations/carla/Build/Ros2Native/install/include/fastdds/rtps/builtin/data/ReaderProxyData.h
-- Up-to-date: /mnt/simulations/carla/Build/Ros2Native/install/include/fastdds/rtps/builtin/data/WriterProxyData.h
-- Up-to-date: /mnt/simulations/carla/Build/Ros2Native/install/include/fastdds/rtps/builtin/data/ParticipantProxyData.h
-- Up-to-date: /mnt/simulations/carla/Build/Ros2Native/install/include/fastdds/rtps/builtin/discovery
-- Up-to-date: /mnt/simulations/carla/Build/Ros2Native/install/include/fastdds/rtps/builtin/discovery/participant
-- Up-to-date: /mnt/simulations/carla/Build/Ros2Native/install/include/fastdds/rtps/builtin/discovery/participant/PDPListener.h
-- Up-to-date: /mnt/simulations/carla/Build/Ros2Native/install/include/fastdds/rtps/builtin/discovery/participant/PDPSimple.h
-- Up-to-date: /mnt/simulations/carla/Build/Ros2Native/install/include/fastdds/rtps/builtin/discovery/participant/PDP.h
-- Up-to-date: /mnt/simulations/carla/Build/Ros2Native/install/include/fastdds/rtps/builtin/discovery/endpoint
-- Up-to-date: /mnt/simulations/carla/Build/Ros2Native/install/include/fastdds/rtps/builtin/discovery/endpoint/EDP.h
-- Up-to-date: /mnt/simulations/carla/Build/Ros2Native/install/include/fastdds/rtps/builtin/discovery/endpoint/EDPSimple.h
-- Up-to-date: /mnt/simulations/carla/Build/Ros2Native/install/include/fastdds/rtps/builtin/discovery/endpoint/EDPStatic.h
-- Up-to-date: /mnt/simulations/carla/Build/Ros2Native/install/include/fastdds/rtps/messages
-- Up-to-date: /mnt/simulations/carla/Build/Ros2Native/install/include/fastdds/rtps/messages/CDRMessage.hpp
-- Up-to-date: /mnt/simulations/carla/Build/Ros2Native/install/include/fastdds/rtps/messages/CDRMessage.h
-- Up-to-date: /mnt/simulations/carla/Build/Ros2Native/install/include/fastdds/rtps/messages/RTPSMessageCreator.h
-- Up-to-date: /mnt/simulations/carla/Build/Ros2Native/install/include/fastdds/rtps/messages/RTPS_messages.h
-- Up-to-date: /mnt/simulations/carla/Build/Ros2Native/install/include/fastdds/rtps/messages/RTPSMessageSenderInterface.hpp
-- Up-to-date: /mnt/simulations/carla/Build/Ros2Native/install/include/fastdds/rtps/messages/MessageReceiver.h
-- Up-to-date: /mnt/simulations/carla/Build/Ros2Native/install/include/fastdds/rtps/messages/RTPSMessageGroup.h
-- Up-to-date: /mnt/simulations/carla/Build/Ros2Native/install/include/fastdds/rtps/flowcontrol
-- Up-to-date: /mnt/simulations/carla/Build/Ros2Native/install/include/fastdds/rtps/flowcontrol/FlowControllerSchedulerPolicy.hpp
-- Up-to-date: /mnt/simulations/carla/Build/Ros2Native/install/include/fastdds/rtps/flowcontrol/ThroughputControllerDescriptor.h
-- Up-to-date: /mnt/simulations/carla/Build/Ros2Native/install/include/fastdds/rtps/flowcontrol/FlowControllerConsts.hpp
-- Up-to-date: /mnt/simulations/carla/Build/Ros2Native/install/include/fastdds/rtps/flowcontrol/FlowControllerDescriptor.hpp
-- Up-to-date: /mnt/simulations/carla/Build/Ros2Native/install/include/fastdds/rtps/participant
-- Up-to-date: /mnt/simulations/carla/Build/Ros2Native/install/include/fastdds/rtps/participant/RTPSParticipantListener.h
-- Up-to-date: /mnt/simulations/carla/Build/Ros2Native/install/include/fastdds/rtps/participant/RTPSParticipant.h
-- Up-to-date: /mnt/simulations/carla/Build/Ros2Native/install/include/fastdds/rtps/participant/ParticipantDiscoveryInfo.h
-- Up-to-date: /mnt/simulations/carla/Build/Ros2Native/install/include/fastdds/rtps/history
-- Up-to-date: /mnt/simulations/carla/Build/Ros2Native/install/include/fastdds/rtps/history/History.h
-- Up-to-date: /mnt/simulations/carla/Build/Ros2Native/install/include/fastdds/rtps/history/IPayloadPool.h
-- Up-to-date: /mnt/simulations/carla/Build/Ros2Native/install/include/fastdds/rtps/history/ReaderHistory.h
-- Up-to-date: /mnt/simulations/carla/Build/Ros2Native/install/include/fastdds/rtps/history/IChangePool.h
-- Up-to-date: /mnt/simulations/carla/Build/Ros2Native/install/include/fastdds/rtps/history/WriterHistory.h
-- Up-to-date: /mnt/simulations/carla/Build/Ros2Native/install/include/fastdds/rtps/Endpoint.h
-- Up-to-date: /mnt/simulations/carla/Build/Ros2Native/install/include/fastdds/rtps/attributes
-- Up-to-date: /mnt/simulations/carla/Build/Ros2Native/install/include/fastdds/rtps/attributes/RTPSParticipantAttributes.h
-- Up-to-date: /mnt/simulations/carla/Build/Ros2Native/install/include/fastdds/rtps/attributes/ServerAttributes.h
-- Up-to-date: /mnt/simulations/carla/Build/Ros2Native/install/include/fastdds/rtps/attributes/ReaderAttributes.h
-- Up-to-date: /mnt/simulations/carla/Build/Ros2Native/install/include/fastdds/rtps/attributes/HistoryAttributes.h
-- Up-to-date: /mnt/simulations/carla/Build/Ros2Native/install/include/fastdds/rtps/attributes/ExternalLocators.hpp
-- Up-to-date: /mnt/simulations/carla/Build/Ros2Native/install/include/fastdds/rtps/attributes/RTPSParticipantAllocationAttributes.hpp
-- Up-to-date: /mnt/simulations/carla/Build/Ros2Native/install/include/fastdds/rtps/attributes/PropertyPolicy.h
-- Up-to-date: /mnt/simulations/carla/Build/Ros2Native/install/include/fastdds/rtps/attributes/EndpointAttributes.h
-- Up-to-date: /mnt/simulations/carla/Build/Ros2Native/install/include/fastdds/rtps/attributes/WriterAttributes.h
-- Up-to-date: /mnt/simulations/carla/Build/Ros2Native/install/include/fastdds/rtps/interfaces
-- Up-to-date: /mnt/simulations/carla/Build/Ros2Native/install/include/fastdds/rtps/interfaces/IReaderDataFilter.hpp
-- Up-to-date: /mnt/simulations/carla/Build/Ros2Native/install/include/fastdds/rtps/transport
-- Up-to-date: /mnt/simulations/carla/Build/Ros2Native/install/include/fastdds/rtps/transport/test_UDPv4TransportDescriptor.h
-- Up-to-date: /mnt/simulations/carla/Build/Ros2Native/install/include/fastdds/rtps/transport/TCPv4TransportDescriptor.h
-- Up-to-date: /mnt/simulations/carla/Build/Ros2Native/install/include/fastdds/rtps/transport/TransportReceiverInterface.h
-- Up-to-date: /mnt/simulations/carla/Build/Ros2Native/install/include/fastdds/rtps/transport/TCPv6TransportDescriptor.h
-- Up-to-date: /mnt/simulations/carla/Build/Ros2Native/install/include/fastdds/rtps/transport/TCPTransportDescriptor.h
-- Up-to-date: /mnt/simulations/carla/Build/Ros2Native/install/include/fastdds/rtps/transport/shared_mem
-- Up-to-date: /mnt/simulations/carla/Build/Ros2Native/install/include/fastdds/rtps/transport/shared_mem/SharedMemTransportDescriptor.h
-- Up-to-date: /mnt/simulations/carla/Build/Ros2Native/install/include/fastdds/rtps/transport/TransportDescriptorInterface.h
-- Up-to-date: /mnt/simulations/carla/Build/Ros2Native/install/include/fastdds/rtps/transport/UDPTransportDescriptor.h
-- Up-to-date: /mnt/simulations/carla/Build/Ros2Native/install/include/fastdds/rtps/transport/UDPv4TransportDescriptor.h
-- Up-to-date: /mnt/simulations/carla/Build/Ros2Native/install/include/fastdds/rtps/transport/ChainingTransportDescriptor.h
-- Up-to-date: /mnt/simulations/carla/Build/Ros2Native/install/include/fastdds/rtps/transport/SenderResource.h
-- Up-to-date: /mnt/simulations/carla/Build/Ros2Native/install/include/fastdds/rtps/transport/SocketTransportDescriptor.h
-- Up-to-date: /mnt/simulations/carla/Build/Ros2Native/install/include/fastdds/rtps/transport/TransportInterface.h
-- Up-to-date: /mnt/simulations/carla/Build/Ros2Native/install/include/fastdds/rtps/transport/UDPv6TransportDescriptor.h
-- Up-to-date: /mnt/simulations/carla/Build/Ros2Native/install/include/fastdds/rtps/transport/ChainingTransport.h
-- Up-to-date: /mnt/simulations/carla/Build/Ros2Native/install/include/fastdds/rtps/common
-- Up-to-date: /mnt/simulations/carla/Build/Ros2Native/install/include/fastdds/rtps/common/LocatorsIterator.hpp
-- Up-to-date: /mnt/simulations/carla/Build/Ros2Native/install/include/fastdds/rtps/common/FragmentNumber.h
-- Up-to-date: /mnt/simulations/carla/Build/Ros2Native/install/include/fastdds/rtps/common/EntityId_t.hpp
-- Up-to-date: /mnt/simulations/carla/Build/Ros2Native/install/include/fastdds/rtps/common/Guid.h
-- Up-to-date: /mnt/simulations/carla/Build/Ros2Native/install/include/fastdds/rtps/common/SerializedPayload.h
-- Up-to-date: /mnt/simulations/carla/Build/Ros2Native/install/include/fastdds/rtps/common/MatchingInfo.h
-- Up-to-date: /mnt/simulations/carla/Build/Ros2Native/install/include/fastdds/rtps/common/LocatorSelector.hpp
-- Up-to-date: /mnt/simulations/carla/Build/Ros2Native/install/include/fastdds/rtps/common/SampleIdentity.h
-- Up-to-date: /mnt/simulations/carla/Build/Ros2Native/install/include/fastdds/rtps/common/SequenceNumber.h
-- Up-to-date: /mnt/simulations/carla/Build/Ros2Native/install/include/fastdds/rtps/common/Types.h
-- Up-to-date: /mnt/simulations/carla/Build/Ros2Native/install/include/fastdds/rtps/common/PortParameters.h
-- Up-to-date: /mnt/simulations/carla/Build/Ros2Native/install/include/fastdds/rtps/common/LocatorWithMask.hpp
-- Up-to-date: /mnt/simulations/carla/Build/Ros2Native/install/include/fastdds/rtps/common/RemoteLocators.hpp
-- Up-to-date: /mnt/simulations/carla/Build/Ros2Native/install/include/fastdds/rtps/common/LocatorList.hpp
-- Up-to-date: /mnt/simulations/carla/Build/Ros2Native/install/include/fastdds/rtps/common/LocatorListComparisons.hpp
-- Up-to-date: /mnt/simulations/carla/Build/Ros2Native/install/include/fastdds/rtps/common/CDRMessage_t.h
-- Up-to-date: /mnt/simulations/carla/Build/Ros2Native/install/include/fastdds/rtps/common/InstanceHandle.h
-- Up-to-date: /mnt/simulations/carla/Build/Ros2Native/install/include/fastdds/rtps/common/BinaryProperty.h
-- Up-to-date: /mnt/simulations/carla/Build/Ros2Native/install/include/fastdds/rtps/common/LocatorSelectorEntry.hpp
-- Up-to-date: /mnt/simulations/carla/Build/Ros2Native/install/include/fastdds/rtps/common/WriteParams.h
-- Up-to-date: /mnt/simulations/carla/Build/Ros2Native/install/include/fastdds/rtps/common/all_common.h
-- Up-to-date: /mnt/simulations/carla/Build/Ros2Native/install/include/fastdds/rtps/common/CacheChange.h
-- Up-to-date: /mnt/simulations/carla/Build/Ros2Native/install/include/fastdds/rtps/common/Property.h
-- Up-to-date: /mnt/simulations/carla/Build/Ros2Native/install/include/fastdds/rtps/common/GuidPrefix_t.hpp
-- Up-to-date: /mnt/simulations/carla/Build/Ros2Native/install/include/fastdds/rtps/common/Locator.h
-- Up-to-date: /mnt/simulations/carla/Build/Ros2Native/install/include/fastdds/rtps/common/Time_t.h
-- Up-to-date: /mnt/simulations/carla/Build/Ros2Native/install/include/fastdds/rtps/common/ChangeKind_t.hpp
-- Up-to-date: /mnt/simulations/carla/Build/Ros2Native/install/include/fastdds/rtps/common/VendorId_t.hpp
-- Up-to-date: /mnt/simulations/carla/Build/Ros2Native/install/include/fastdds/rtps/common/Token.h
-- Up-to-date: /mnt/simulations/carla/Build/Ros2Native/install/include/fastdds/rtps/writer
-- Up-to-date: /mnt/simulations/carla/Build/Ros2Native/install/include/fastdds/rtps/writer/StatelessWriter.h
-- Up-to-date: /mnt/simulations/carla/Build/Ros2Native/install/include/fastdds/rtps/writer/ReaderLocator.h
-- Up-to-date: /mnt/simulations/carla/Build/Ros2Native/install/include/fastdds/rtps/writer/WriterListener.h
-- Up-to-date: /mnt/simulations/carla/Build/Ros2Native/install/include/fastdds/rtps/writer/IReaderDataFilter.hpp
-- Up-to-date: /mnt/simulations/carla/Build/Ros2Native/install/include/fastdds/rtps/writer/PersistentWriter.h
-- Up-to-date: /mnt/simulations/carla/Build/Ros2Native/install/include/fastdds/rtps/writer/RTPSWriter.h
-- Up-to-date: /mnt/simulations/carla/Build/Ros2Native/install/include/fastdds/rtps/writer/ReaderProxy.h
-- Up-to-date: /mnt/simulations/carla/Build/Ros2Native/install/include/fastdds/rtps/writer/LocatorSelectorSender.hpp
-- Up-to-date: /mnt/simulations/carla/Build/Ros2Native/install/include/fastdds/rtps/writer/ChangeForReader.h
-- Up-to-date: /mnt/simulations/carla/Build/Ros2Native/install/include/fastdds/rtps/writer/DeliveryRetCode.hpp
-- Up-to-date: /mnt/simulations/carla/Build/Ros2Native/install/include/fastdds/rtps/writer/LivelinessManager.h
-- Up-to-date: /mnt/simulations/carla/Build/Ros2Native/install/include/fastdds/rtps/writer/StatefulPersistentWriter.h
-- Up-to-date: /mnt/simulations/carla/Build/Ros2Native/install/include/fastdds/rtps/writer/WriterDiscoveryInfo.h
-- Up-to-date: /mnt/simulations/carla/Build/Ros2Native/install/include/fastdds/rtps/writer/StatefulWriter.h
-- Up-to-date: /mnt/simulations/carla/Build/Ros2Native/install/include/fastdds/rtps/writer/StatelessPersistentWriter.h
-- Up-to-date: /mnt/simulations/carla/Build/Ros2Native/install/include/fastdds/rtps/writer/LivelinessData.h
-- Up-to-date: /mnt/simulations/carla/Build/Ros2Native/install/include/fastdds/rtps/security
-- Up-to-date: /mnt/simulations/carla/Build/Ros2Native/install/include/fastdds/rtps/security/authentication
-- Up-to-date: /mnt/simulations/carla/Build/Ros2Native/install/include/fastdds/rtps/security/authentication/Handshake.h
-- Up-to-date: /mnt/simulations/carla/Build/Ros2Native/install/include/fastdds/rtps/security/authentication/Authentication.h
-- Up-to-date: /mnt/simulations/carla/Build/Ros2Native/install/include/fastdds/rtps/security/accesscontrol
-- Up-to-date: /mnt/simulations/carla/Build/Ros2Native/install/include/fastdds/rtps/security/accesscontrol/EndpointSecurityAttributes.h
-- Up-to-date: /mnt/simulations/carla/Build/Ros2Native/install/include/fastdds/rtps/security/accesscontrol/SecurityMaskUtilities.h
-- Up-to-date: /mnt/simulations/carla/Build/Ros2Native/install/include/fastdds/rtps/security/accesscontrol/AccessControl.h
-- Up-to-date: /mnt/simulations/carla/Build/Ros2Native/install/include/fastdds/rtps/security/accesscontrol/ParticipantSecurityAttributes.h
-- Up-to-date: /mnt/simulations/carla/Build/Ros2Native/install/include/fastdds/rtps/security/common
-- Up-to-date: /mnt/simulations/carla/Build/Ros2Native/install/include/fastdds/rtps/security/common/ParticipantGenericMessage.h
-- Up-to-date: /mnt/simulations/carla/Build/Ros2Native/install/include/fastdds/rtps/security/common/Handle.h
-- Up-to-date: /mnt/simulations/carla/Build/Ros2Native/install/include/fastdds/rtps/security/common/SharedSecretHandle.h
-- Up-to-date: /mnt/simulations/carla/Build/Ros2Native/install/include/fastdds/rtps/security/cryptography
-- Up-to-date: /mnt/simulations/carla/Build/Ros2Native/install/include/fastdds/rtps/security/cryptography/CryptoKeyFactory.h
-- Up-to-date: /mnt/simulations/carla/Build/Ros2Native/install/include/fastdds/rtps/security/cryptography/CryptoTypes.h
-- Up-to-date: /mnt/simulations/carla/Build/Ros2Native/install/include/fastdds/rtps/security/cryptography/CryptoTransform.h
-- Up-to-date: /mnt/simulations/carla/Build/Ros2Native/install/include/fastdds/rtps/security/cryptography/Cryptography.h
-- Up-to-date: /mnt/simulations/carla/Build/Ros2Native/install/include/fastdds/rtps/security/cryptography/CryptoKeyExchange.h
-- Up-to-date: /mnt/simulations/carla/Build/Ros2Native/install/include/fastdds/rtps/security/logging
-- Up-to-date: /mnt/simulations/carla/Build/Ros2Native/install/include/fastdds/rtps/security/logging/LoggingLevel.h
-- Up-to-date: /mnt/simulations/carla/Build/Ros2Native/install/include/fastdds/rtps/security/logging/Logging.h
-- Up-to-date: /mnt/simulations/carla/Build/Ros2Native/install/include/fastdds/rtps/security/logging/BuiltinLoggingType.h
-- Up-to-date: /mnt/simulations/carla/Build/Ros2Native/install/include/fastdds/rtps/security/logging/LogOptions.h
-- Up-to-date: /mnt/simulations/carla/Build/Ros2Native/install/include/fastdds/rtps/security/logging/NameValuePair.h
-- Up-to-date: /mnt/simulations/carla/Build/Ros2Native/install/include/fastdds/rtps/security/exceptions
-- Up-to-date: /mnt/simulations/carla/Build/Ros2Native/install/include/fastdds/rtps/security/exceptions/SecurityException.h
-- Up-to-date: /mnt/simulations/carla/Build/Ros2Native/install/include/fastdds/rtps/rtps_all.h
-- Up-to-date: /mnt/simulations/carla/Build/Ros2Native/install/include/fastdds/rtps/rtps_fwd.h
-- Up-to-date: /mnt/simulations/carla/Build/Ros2Native/install/include/fastdds/rtps/resources
-- Up-to-date: /mnt/simulations/carla/Build/Ros2Native/install/include/fastdds/rtps/resources/ResourceEvent.h
-- Up-to-date: /mnt/simulations/carla/Build/Ros2Native/install/include/fastdds/rtps/resources/ResourceManagement.h
-- Up-to-date: /mnt/simulations/carla/Build/Ros2Native/install/include/fastdds/rtps/resources/TimedEvent.h
-- Up-to-date: /mnt/simulations/carla/Build/Ros2Native/install/include/fastdds/rtps/reader
-- Up-to-date: /mnt/simulations/carla/Build/Ros2Native/install/include/fastdds/rtps/reader/StatelessReader.h
-- Up-to-date: /mnt/simulations/carla/Build/Ros2Native/install/include/fastdds/rtps/reader/StatefulReader.h
-- Up-to-date: /mnt/simulations/carla/Build/Ros2Native/install/include/fastdds/rtps/reader/StatelessPersistentReader.h
-- Up-to-date: /mnt/simulations/carla/Build/Ros2Native/install/include/fastdds/rtps/reader/StatefulPersistentReader.h
-- Up-to-date: /mnt/simulations/carla/Build/Ros2Native/install/include/fastdds/rtps/reader/ReaderDiscoveryInfo.h
-- Up-to-date: /mnt/simulations/carla/Build/Ros2Native/install/include/fastdds/rtps/reader/RTPSReader.h
-- Up-to-date: /mnt/simulations/carla/Build/Ros2Native/install/include/fastdds/rtps/reader/ReaderListener.h
-- Up-to-date: /mnt/simulations/carla/Build/Ros2Native/install/include/fastdds/rtps/RTPSDomain.h
-- Up-to-date: /mnt/simulations/carla/Build/Ros2Native/install/include/fastdds/rtps/exceptions
-- Up-to-date: /mnt/simulations/carla/Build/Ros2Native/install/include/fastdds/rtps/exceptions/Exception.h
-- Up-to-date: /mnt/simulations/carla/Build/Ros2Native/install/include/fastdds/rtps/network
-- Up-to-date: /mnt/simulations/carla/Build/Ros2Native/install/include/fastdds/rtps/network/SenderResource.h
-- Up-to-date: /mnt/simulations/carla/Build/Ros2Native/install/include/fastdds/statistics
-- Up-to-date: /mnt/simulations/carla/Build/Ros2Native/install/include/fastdds/statistics/IListeners.hpp
-- Up-to-date: /mnt/simulations/carla/Build/Ros2Native/install/include/fastdds/statistics/topic_names.hpp
-- Up-to-date: /mnt/simulations/carla/Build/Ros2Native/install/include/fastdds/statistics/dds
-- Up-to-date: /mnt/simulations/carla/Build/Ros2Native/install/include/fastdds/statistics/dds/subscriber
-- Up-to-date: /mnt/simulations/carla/Build/Ros2Native/install/include/fastdds/statistics/dds/subscriber/qos
-- Up-to-date: /mnt/simulations/carla/Build/Ros2Native/install/include/fastdds/statistics/dds/subscriber/qos/DataReaderQos.hpp
-- Up-to-date: /mnt/simulations/carla/Build/Ros2Native/install/include/fastdds/statistics/dds/publisher
-- Up-to-date: /mnt/simulations/carla/Build/Ros2Native/install/include/fastdds/statistics/dds/publisher/qos
-- Up-to-date: /mnt/simulations/carla/Build/Ros2Native/install/include/fastdds/statistics/dds/publisher/qos/DataWriterQos.hpp
-- Up-to-date: /mnt/simulations/carla/Build/Ros2Native/install/include/fastdds/statistics/dds/domain
-- Up-to-date: /mnt/simulations/carla/Build/Ros2Native/install/include/fastdds/statistics/dds/domain/DomainParticipant.hpp
-- Up-to-date: /mnt/simulations/carla/Build/Ros2Native/install/include/fastdds/statistics/rtps
-- Up-to-date: /mnt/simulations/carla/Build/Ros2Native/install/include/fastdds/statistics/rtps/StatisticsCommon.hpp
-- Up-to-date: /mnt/simulations/carla/Build/Ros2Native/install/include/fastrtps/config.h
-- Up-to-date: /mnt/simulations/carla/Build/Ros2Native/install/include/fastdds/statistics
-- Up-to-date: /mnt/simulations/carla/Build/Ros2Native/install/include/fastdds/statistics/types.idl
-- Up-to-date: /mnt/simulations/carla/Build/Ros2Native/install/include/fastdds/statistics/dds
-- Up-to-date: /mnt/simulations/carla/Build/Ros2Native/install/include/fastdds/statistics/dds/subscriber
-- Up-to-date: /mnt/simulations/carla/Build/Ros2Native/install/include/fastdds/statistics/dds/subscriber/qos
-- Up-to-date: /mnt/simulations/carla/Build/Ros2Native/install/include/fastdds/statistics/dds/publisher
-- Up-to-date: /mnt/simulations/carla/Build/Ros2Native/install/include/fastdds/statistics/dds/publisher/qos
-- Up-to-date: /mnt/simulations/carla/Build/Ros2Native/install/include/fastdds/statistics/dds/domain
-- Up-to-date: /mnt/simulations/carla/Build/Ros2Native/install/include/fastdds/statistics/rtps
-- Up-to-date: /mnt/simulations/carla/Build/Ros2Native/install/lib/libfastrtps.so.2.11.2
-- Up-to-date: /mnt/simulations/carla/Build/Ros2Native/install/lib/libfastrtps.so.2.11
-- Up-to-date: /mnt/simulations/carla/Build/Ros2Native/install/lib/libfastrtps.so
-- Up-to-date: /mnt/simulations/carla/Build/Ros2Native/install/share/fastrtps/cmake/fastrtps-shared-targets.cmake
-- Up-to-date: /mnt/simulations/carla/Build/Ros2Native/install/share/fastrtps/cmake/fastrtps-shared-targets-release.cmake
-- Up-to-date: /mnt/simulations/carla/Build/Ros2Native/install/share/fastrtps/cmake/fastrtps-config.cmake
-- Up-to-date: /mnt/simulations/carla/Build/Ros2Native/install/share/fastrtps/cmake/fastrtps-config-version.cmake
-- Up-to-date: /mnt/simulations/carla/Build/Ros2Native/install/include/fastdds/thirdparty/optionparser
-- Up-to-date: /mnt/simulations/carla/Build/Ros2Native/install/include/fastdds/thirdparty/optionparser/optionparser
-- Up-to-date: /mnt/simulations/carla/Build/Ros2Native/install/include/fastdds/thirdparty/optionparser/optionparser/optionparser.h
-- Up-to-date: /mnt/simulations/carla/Build/Ros2Native/install/include/fastdds/thirdparty/optionparser/optionparser.hpp
-- Up-to-date: /mnt/simulations/carla/Build/Ros2Native/install/share/fastrtps/cmake/optionparser-targets.cmake
-- Installing: /mnt/simulations/carla/Build/Ros2Native/install/share/fastrtps/LICENSE
-- Up-to-date: /mnt/simulations/carla/Build/Ros2Native/install/share/fastRTPS_profiles.xsd
-- Up-to-date: /mnt/simulations/carla/Build/Ros2Native/install/share/fastdds_static_discovery.xsd
[51/64] Completed 'fastdds'
[52/64] Performing configure step for 'carla-ros2-native-lib'
-- Configuring done (0.0s)
-- Generating done (0.1s)
-- Build files have been written to: /mnt/simulations/carla/Build/Ros2Native/carla-ros2-native-lib-prefix/src/carla-ros2-native-lib-build
[53/64] Performing build step for 'carla-ros2-native-lib'
ninja: no work to do.
[54/64] Performing install step for 'carla-ros2-native-lib'
[0/1] Install the project...
-- Install configuration: "Release"
-- Up-to-date: /mnt/simulations/carla/Build/Ros2Native/install/lib/libcarla-ros2-native.so
[55/64] Completed 'carla-ros2-native-lib'
[56/64] Running utility command for carla-ros2-native-lib
[57/64] Building CXX object LibCarla/CMakeFiles/carla-client.dir/source/carla/trafficmanager/TrafficManager.cpp.o
[58/64] Building CXX object LibCarla/CMakeFiles/carla-client.dir/source/carla/trafficmanager/TrafficManagerRemote.cpp.o
[59/64] Building CXX object LibCarla/CMakeFiles/carla-client.dir/source/carla/trafficmanager/TrafficManagerLocal.cpp.o
[60/64] Linking CXX static library LibCarla/libcarla-client.a
[60/64] cd /mnt/simulations/carla/PythonAPI/carla && /opt/cmake-3.28.3-linux-x86_64/bin/cmake -E copy /mnt/simulations/carla/LICENSE /mnt/simulations/carla/PythonAPI/carla/LICENSE && /mnt/simulations/venvs/carla/bin/python -m build --outdir /mnt/simulations/carla/Build/PythonAPI/dist --wheel
* Creating isolated environment: venv+pip...
* Installing packages in isolated environment:
  - scikit-build-core
  - wheel
* Getting build dependencies for wheel...
* Installed build dependency versions:
  - scikit-build-core==1.0.3
  - wheel==0.48.0
* Building wheel...
*** scikit-build-core 1.0.3 using CMake 3.28.3 (wheel)
*** Configuring CMake...
loading initial cache file /tmp/tmpeb8yhmgu/build/CMakeInit.txt
-- The CXX compiler identification is Clang 18.1.0
-- Detecting CXX compiler ABI info
-- Detecting CXX compiler ABI info - done
-- Check for working CXX compiler: /mnt/simulations/UnrealEngine5_carla/Engine/Extras/ThirdPartyNotUE/SDKs/HostLinux/Linux_x64/v23_clang-18.1.0-rockylinux8/x86_64-unknown-linux-gnu/bin/clang++ - skipped
-- Detecting CXX compile features
-- Detecting CXX compile features - done
-- Found Python3: /tmp/build-env-ja_in7mu/bin/python (found version "3.10.12") found components: Interpreter Development.Module Development.Embed Development.SABIModule 
-- Configuring done (0.5s)
-- Generating done (0.0s)
-- Build files have been written to: /tmp/tmpeb8yhmgu/build
*** Building project with Ninja...
[1/18] Building CXX object CMakeFiles/carla.dir/src/Sensor.cpp.o
[2/18] Building CXX object CMakeFiles/carla.dir/src/TrafficManager.cpp.o
[3/18] Building CXX object CMakeFiles/carla.dir/src/Weather.cpp.o
[4/18] Building CXX object CMakeFiles/carla.dir/src/Map.cpp.o
[5/18] Building CXX object CMakeFiles/carla.dir/src/Snapshot.cpp.o
[6/18] Building CXX object CMakeFiles/carla.dir/src/V2XData.cpp.o
[7/18] Building CXX object CMakeFiles/carla.dir/src/Exception.cpp.o
[8/18] Building CXX object CMakeFiles/carla.dir/src/Blueprint.cpp.o
[9/18] Building CXX object CMakeFiles/carla.dir/src/PythonAPI.cpp.o
[10/18] Building CXX object CMakeFiles/carla.dir/src/LightManager.cpp.o
[11/18] Building CXX object CMakeFiles/carla.dir/src/Client.cpp.o
[12/18] Building CXX object CMakeFiles/carla.dir/src/World.cpp.o
[13/18] Building CXX object CMakeFiles/carla.dir/src/Actor.cpp.o
[14/18] Building CXX object CMakeFiles/carla.dir/src/Commands.cpp.o
[15/18] Building CXX object CMakeFiles/carla.dir/src/Geometry.cpp.o
[16/18] Building CXX object CMakeFiles/carla.dir/src/SensorData.cpp.o
[17/18] Building CXX object CMakeFiles/carla.dir/src/Control.cpp.o
[18/18] Linking CXX shared module carla.cpython-310-x86_64-linux-gnu.so
*** Installing project into wheel...
-- Install configuration: "Release"
-- Installing: /tmp/tmpeb8yhmgu/wheel/platlib/./carla.cpython-310-x86_64-linux-gnu.so
*** Making wheel...
*** Created carla-0.10.0-cp310-cp310-linux_x86_64.whl
Successfully built carla-0.10.0-cp310-cp310-linux_x86_64.whl
[61/64] cd /mnt/simulations/carla/Build/Unreal && /mnt/simulations/UnrealEngine5_carla/Engine/Build/BatchFiles/Linux/Build.sh CarlaUnreal Linux Development -project=/mnt/simulations/carla/Unreal/CarlaUnreal/CarlaUnreal.uproject -game -buildscw
Setting up bundled DotNet SDK
Building ShaderCompileWorker...
Log file: /mnt/simulations/UnrealEngine5_carla/Engine/Programs/UnrealBuildTool/Log.txt
Using 'git status' to determine working set for adaptive non-unity build (/mnt/simulations/UnrealEngine5_carla).
Waiting for 'git status' command to complete
Target is up to date
Total execution time: 3.29 seconds
Running command : dotnet Engine/Binaries/DotNET/UnrealBuildTool/UnrealBuildTool.dll CarlaUnreal Linux Development -project=/mnt/simulations/carla/Unreal/CarlaUnreal/CarlaUnreal.uproject -game -buildscw
Log file: /mnt/simulations/UnrealEngine5_carla/Engine/Programs/UnrealBuildTool/Log.txt
Using 'git status' to determine working set for adaptive non-unity build (/mnt/simulations/UnrealEngine5_carla).
Creating makefile for CarlaUnreal (no existing makefile)
Unity build is enabled.
Slate UI is disabled.
Online Subsystem is disabled.
CarSim support is disabled.
Chrono support is disabled.
PyTorch support is disabled.
OSM2ODR support is disabled.
Ros2 support is enabled.
Ros2 demo is disabled.
Dynamic Library Added: /mnt/simulations/carla/Unreal/CarlaUnreal/Plugins/Carla/Source/Carla/../../Binaries/Linux/libcarla-ros2-native.so
Parsing headers for CarlaUnreal
  Running Internal UnrealHeaderTool /mnt/simulations/carla/Unreal/CarlaUnreal/CarlaUnreal.uproject /mnt/simulations/carla/Unreal/CarlaUnreal/Intermediate/Build/Linux/CarlaUnreal/Development/CarlaUnreal.uhtmanifest -WarningsAsErrors
Total of 10332 written
Reflection code generated for CarlaUnreal in 21.7226868 seconds
------- Build details --------
Using toolchain located at '/mnt/simulations/UnrealEngine5_carla/Engine/Extras/ThirdPartyNotUE/SDKs/HostLinux/Linux_x64/v23_clang-18.1.0-rockylinux8/x86_64-unknown-linux-gnu'.
Using clang (/mnt/simulations/UnrealEngine5_carla/Engine/Extras/ThirdPartyNotUE/SDKs/HostLinux/Linux_x64/v23_clang-18.1.0-rockylinux8/x86_64-unknown-linux-gnu/bin/clang++) version 'clang version 18.1.0rc (github.com/llvm/llvm-project 461274b81d8641eab64d494accddc81d7db8a09e)
Target: x86_64-unknown-linux-gnu
Thread model: posix
InstalledDir: /mnt/simulations/UnrealEngine5_carla/Engine/Extras/ThirdPartyNotUE/SDKs/HostLinux/Linux_x64/v23_clang-18.1.0-rockylinux8/x86_64-unknown-linux-gnu/bin' (string), 18 (major), 1 (minor), 0 (patch)
Using bundled libc++ standard C++ library.
Using lld linker
Using llvm-ar (/mnt/simulations/UnrealEngine5_carla/Engine/Extras/ThirdPartyNotUE/SDKs/HostLinux/Linux_x64/v23_clang-18.1.0-rockylinux8/x86_64-unknown-linux-gnu/bin/llvm-ar) version 'LLVM (http://llvm.org/):
  LLVM version 18.1.0rc
  Optimized build. (string)'
Using fast way to relink  circularly dependent libraries (no FixDeps).
Compressing debug files
Targeted minimum CPU architecture: None
------------------------------
Building CarlaUnreal...
[Adaptive Build] Excluded from Renderer unity file: DeferredShadingRenderer.cpp, SceneRendering.cpp, RayTracingInstanceCulling.cpp
[Adaptive Build] Excluded from Engine unity file: RayTracingGeometryManager.cpp
Executing up to 24 actions based on MaxProcessorCount override
Using Unreal Build Accelerator local executor to run 870 action(s)
  Storage capacity 40Gb
---- Starting trace ----
UbaSessionServer - Disable remote execution (remote sessions will finish current processes)
------ Building 870 action(s) started ------
[1/870] Generate Header [x86-64] GPUSkinVertexFactory.ispc
[2/870] Generate Header [x86-64] PBDCollisionSolver.ispc
[3/870] Generate Header [x86-64] BonePose.ispc
[4/870] Generate Header [x86-64] PBDEvolution.ispc
[5/870] Generate Header [x86-64] SkinnedAsset.ispc
[6/870] Compile PCH.ResonanceAudio.h
[7/870] Generate Header [x86-64] AABB.ispc
[8/870] Generate Header [x86-64] KAggregateGeom.ispc
[9/870] Generate Header [x86-64] PBDMinEvolution.ispc
[10/870] Generate Header [x86-64] AnimationRuntime.ispc
[11/870] Generate Header [x86-64] PBDLongRangeConstraints.ispc
[12/870] Generate Header [x86-64] AnimEncoding_ConstantKeyLerp.ispc
[13/870] Compile SharedPCH.Core.Cpp20.h
[14/870] Generate Header [x86-64] PBDAxialSpringConstraints.ispc
[15/870] Generate Header [x86-64] PBDSpringConstraints.ispc
[16/870] Generate Header [x86-64] TriangleMesh.ispc
[17/870] Generate Header [x86-64] PerParticleDampVelocity.ispc
[18/870] Generate Header [x86-64] AnimEncoding_VariableKeyLerp.ispc
[19/870] Generate Header [x86-64] PBDJointSolverGaussSeidel.ispc
[20/870] Compile SharedPCH.CoreUObject.Cpp20.h
[21/870] Generate Header [x86-64] NiagaraDataInterfaceVectorField.ispc
[22/870] Generate Header [x86-64] SoftsMultiResConstraints.ispc
[23/870] Generate Header [x86-64] PBDBendingConstraints.ispc
[24/870] Generate Header [x86-64] ChaosClothingSimulation.ispc
[25/870] Compile PCH.Core.h
[26/870] Generate Header [x86-64] FloatArrayMath.ispc
[27/870] Generate Header [x86-64] PBDSphericalConstraint.ispc
[28/870] Generate Header [x86-64] ChaosClothingSimulationMesh.ispc
[29/870] Generate Header [x86-64] AnimEncoding_PerTrackCompression.ispc
[30/870] Generate Header [x86-64] PBDCollisionConstraints.ispc
[31/870] Generate Header [x86-64] GeometryCacheSceneProxy.ispc
[32/870] Compile SharedPCH.Slate.Cpp20.h
[33/870] Generate Header [x86-64] GeometryCollectionSceneProxy.ispc
[34/870] Compile Module.Advertising.cpp
[35/870] Compile Module.AVIWriter.cpp
[36/870] Generate Header [x86-64] XPBDSpringConstraints.ispc
[37/870] Compile PCH.CoreUObject.h
[38/870] Generate Header [x86-64] GeometryCollectionComponent.ispc
[39/870] Generate Header [x86-64] PBDCollisionSpringConstraints.ispc
[40/870] Compile Module.Analytics.cpp
[41/870] Compile SharedPCH.Core.Exceptions.Cpp20.h
[42/870] Compile Module.AnalyticsET.cpp
[43/870] Compile Module.AnimationCore.cpp
[44/870] Compile SharedPCH.CoreUObject.Exceptions.Cpp20.h
[45/870] Generate Header [x86-64] ChaosClothingSimulationSolver.ispc
[46/870] Compile Module.AudioLinkCore.cpp
[47/870] Generate Header [x86-64] VelocityField.ispc
[48/870] Compile Module.AudioMixerCore.cpp
[49/870] Compile Module.AudioPlatformConfiguration.cpp
[50/870] Compile Module.AppFramework.3.cpp
[51/870] Generate Header [x86-64] XPBDStretchBiasElementConstraints.ispc
[52/870] Compile Module.ApplicationCore.cpp
[53/870] Compile Module.AudioExtensions.cpp
[54/870] Compile Module.BuildSettings.cpp
[55/870] Compile Module.AutomationMessages.cpp
[56/870] Compile Module.Cbor.cpp
[57/870] Compile Module.BackChannel.cpp
[58/870] Compile Module.AudioSynesthesiaCore.cpp
[59/870] Compile Module.AutomationTest.cpp
[60/870] Generate Header [x86-64] PerParticlePBDCollisionConstraint.ispc
[61/870] Compile [x86-64] AABB.ispc
[62/870] Generate Header [x86-64] XPBDAnisotropicBendingConstraints.ispc
[63/870] Compile [x86-64] PBDCollisionSolver.ispc
[64/870] Compile PCH.Carla.h
[65/870] Compile [x86-64] PBDEvolution.ispc
[66/870] Compile [x86-64] PBDAxialSpringConstraints.ispc
[67/870] Generate Header [x86-64] XPBDBendingConstraints.ispc
[68/870] Compile PCH.Engine.h
[69/870] Compile Module.ACLPlugin.cpp
[70/870] Generate Header [x86-64] XPBDAnisotropicSpringConstraints.ispc
[71/870] Compile Module.AutomationController.cpp
[72/870] Compile SharedPCH.Engine.Cpp20.h
[73/870] Compile [x86-64] PBDLongRangeConstraints.ispc
[74/870] Compile [x86-64] PBDJointSolverGaussSeidel.ispc
[75/870] Compile [x86-64] PBDBendingConstraints.ispc
[76/870] Compile Module.AIModule.1.cpp
[77/870] Compile SharedPCH.Engine.Project.ValApi.Cpp20.h
[78/870] Compile SharedPCH.Engine.Exceptions.Cpp20.h
[79/870] Compile [x86-64] PBDCollisionConstraints.ispc
[80/870] Compile Module.Carla.1.cpp
[81/870] Compile PCH.CarlaUnreal.h
[82/870] Compile Module.AISupportModule.cpp
[83/870] Compile Module.ActorLayerUtilities.cpp
[84/870] Compile Module.AdpcmAudioDecoder.cpp
[85/870] Compile Module.AssetRegistry.1.cpp
[86/870] Compile Module.AndroidFileServer.cpp
[87/870] Compile [x86-64] PBDCollisionSpringConstraints.ispc
[88/870] Compile Module.ActorSequence.cpp
[89/870] Compile Module.AndroidPermission.cpp
[90/870] Compile Module.AssetRegistry.2.cpp
[91/870] Compile Module.BuildPatchServices.1.cpp
[92/870] Compile Module.AnimGraphRuntime.3.cpp
[93/870] Compile Module.BuildPatchServices.2.cpp
[94/870] Compile Module.ArchVisCharacter.cpp
[95/870] Compile Module.AppleImageUtils.cpp
[96/870] Compile Module.AssetTags.cpp
[97/870] Compile Module.Carla.14.cpp
[98/870] Compile Module.AIModule.2.cpp
[99/870] Compile Module.Carla.3.cpp
[100/870] Compile Module.Carla.2.cpp
[101/870] Compile Module.AnimationSharing.cpp
[102/870] Compile Module.AudioCaptureCore.cpp
[103/870] Compile Module.AudioCapture.cpp
[104/870] Compile Module.AITestSuite.cpp
[105/870] Compile Module.AudioAnalyzer.cpp
[106/870] Compile Module.AIModule.5.cpp
[107/870] Compile Module.AudioLinkEngine.cpp
[108/870] Compile Module.AudioMixerPlatformAudioLink.cpp
[109/870] Compile Module.AudioMixerSDL.cpp
[110/870] Compile Module.AIModule.3.cpp
[111/870] Compile Module.AvfMediaFactory.cpp
[112/870] Compile Module.BinkAudioDecoder.cpp
[113/870] Compile Module.AIModule.4.cpp
[114/870] Compile Module.AutomationUtils.cpp
[115/870] Compile Module.AutomationWorker.cpp
[116/870] Compile Module.AudioSynesthesia.cpp
[117/870] Compile Module.CableComponent.cpp
[118/870] Compile CarlaUnreal.cpp
[119/870] Compile CarlaDeviceProfileSelectorModule.cpp
[120/870] Compile Module.AppFramework.2.cpp
[121/870] Compile Module.BuildPatchServices.3.cpp
[122/870] Compile Module.AnimGraphRuntime.1.cpp
[123/870] Compile Module.AudioMixer.2.cpp
[124/870] Compile Module.AppFramework.1.cpp
[125/870] Compile Module.AudioMixer.1.cpp
[126/870] Compile Module.Carla.10.cpp
[127/870] Compile Module.Chaos.10.cpp
[128/870] Compile Module.AdvancedWidgets.cpp
[129/870] Compile Module.Carla.8.cpp
[130/870] Compile Module.Carla.4.cpp
[131/870] Compile Module.Carla.7.cpp
[132/870] Compile Module.Carla.5.cpp
[133/870] Compile Module.Carla.6.cpp
[134/870] Compile Module.Carla.11.cpp
[135/870] Compile Module.Carla.9.cpp
[136/870] Compile Module.AnimGraphRuntime.2.cpp
[137/870] Compile Module.Chaos.16.cpp
[138/870] Compile Module.Chaos.1.cpp
[139/870] Compile Module.Chaos.17.cpp
[140/870] Compile Module.Chaos.2.cpp
[141/870] Compile [x86-64] PBDMinEvolution.ispc
[142/870] Compile Module.Chaos.19.cpp
[143/870] Compile Module.Chaos.18.cpp
[144/870] Compile [x86-64] PBDSpringConstraints.ispc
[145/870] Compile Module.Chaos.4.cpp
[146/870] Compile Module.Chaos.5.cpp
[147/870] Compile Module.Chaos.23.cpp
[148/870] Compile [x86-64] PerParticleDampVelocity.ispc
[149/870] Compile [x86-64] TriangleMesh.ispc
[150/870] Compile [x86-64] PBDSphericalConstraint.ispc
[151/870] Compile Module.Chaos.14.cpp
[152/870] Compile Module.Chaos.12.cpp
[153/870] Compile [x86-64] SoftsMultiResConstraints.ispc
[154/870] Compile Module.AudioWidgets.cpp
[155/870] Compile Module.Chaos.11.cpp
[156/870] Compile Module.Chaos.20.cpp
[157/870] Compile [x86-64] ChaosClothingSimulationMesh.ispc
[158/870] Compile [x86-64] ChaosClothingSimulation.ispc
[159/870] Compile Module.ChaosCore.cpp
[160/870] Compile Module.Chaos.13.cpp
[161/870] Compile Module.ChaosUserDataPT.cpp
[162/870] Compile Module.Chaos.9.cpp
[163/870] Compile Module.Carla.13.cpp
In file included from /mnt/simulations/carla/Unreal/CarlaUnreal/Intermediate/Build/Linux/x64/CarlaUnreal/Development/Carla/Module.Carla.13.cpp:23:
/mnt/simulations/carla/Unreal/CarlaUnreal/Plugins/Carla/Source/Carla/Util/CameraModelUtil.cpp:753:9: warning: 'FTexture2DRHIRef' is deprecated: The separate RHI texture types were unified in UE 5.1. FTexture2DRHIRef is now deprecated. Use FTextureRHIRef instead. Please update your code to the new API before upgrading to the next release, otherwise your project will no longer compile. [-Wdeprecated-declarations]
  753 |         FTexture2DRHIRef TextureRHIs[6] = {};
      |         ^
/mnt/simulations/UnrealEngine5_carla/Engine/Source/Runtime/RHI/Public/RHIFwd.h:146:29: note: 'FTexture2DRHIRef' has been explicitly marked deprecated here
  146 | using FTexture2DRHIRef      UE_DEPRECATED(5.5, "The separate RHI texture types were unified in UE 5.1. FTexture2DRHIRef is now deprecated. Use FTextureRHIRef instead."     ) = FTextureRHIRef;
      |                             ^
/mnt/simulations/UnrealEngine5_carla/Engine/Source/Runtime/Core/Public/Misc/CoreMiscDefines.h:276:43: note: expanded from macro 'UE_DEPRECATED'
  276 | #define UE_DEPRECATED(Version, Message) [[deprecated(Message " Please update your code to the new API before upgrading to the next release, otherwise your project will no longer compile.")]]
      |                                           ^
In file included from /mnt/simulations/carla/Unreal/CarlaUnreal/Intermediate/Build/Linux/x64/CarlaUnreal/Development/Carla/Module.Carla.13.cpp:26:
/mnt/simulations/carla/Unreal/CarlaUnreal/Plugins/Carla/Source/Carla/Util/GeometryImporter.cpp:98:22: warning: 'TryGetArrayField' is deprecated: Passing an ANSI string to TryGetArrayField has been deprecated outside of UTF-8 mode. Please use the overload that takes a TCHAR string. Please update your code to the new API before upgrading to the next release, otherwise your project will no longer compile. [-Wdeprecated-declarations]
   98 |     if (!JsonParsed->TryGetArrayField("features", Features))
      |                      ^
/mnt/simulations/UnrealEngine5_carla/Engine/Source/Runtime/Json/Public/Dom/JsonObject.h:428:2: note: 'TryGetArrayField' has been explicitly marked deprecated here
  428 |         UE_DEPRECATED(5.4, "Passing an ANSI string to TryGetArrayField has been deprecated outside of UTF-8 mode. Please use the overload that takes a TCHAR string.")
      |         ^
/mnt/simulations/UnrealEngine5_carla/Engine/Source/Runtime/Core/Public/Misc/CoreMiscDefines.h:276:43: note: expanded from macro 'UE_DEPRECATED'
  276 | #define UE_DEPRECATED(Version, Message) [[deprecated(Message " Please update your code to the new API before upgrading to the next release, otherwise your project will no longer compile.")]]
      |                                           ^
In file included from /mnt/simulations/carla/Unreal/CarlaUnreal/Intermediate/Build/Linux/x64/CarlaUnreal/Development/Carla/Module.Carla.13.cpp:26:
/mnt/simulations/carla/Unreal/CarlaUnreal/Plugins/Carla/Source/Carla/Util/GeometryImporter.cpp:108:62: warning: 'GetObjectField' is deprecated: Passing an ANSI string to GetObjectField has been deprecated outside of UTF-8 mode. Please use the overload that takes a TCHAR string. Please update your code to the new API before upgrading to the next release, otherwise your project will no longer compile. [-Wdeprecated-declarations]
  108 |         const TSharedPtr<FJsonObject> Geometry = FeatureObj->GetObjectField("geometry");
      |                                                              ^
/mnt/simulations/UnrealEngine5_carla/Engine/Source/Runtime/Json/Public/Dom/JsonObject.h:434:2: note: 'GetObjectField' has been explicitly marked deprecated here
  434 |         UE_DEPRECATED(5.4, "Passing an ANSI string to GetObjectField has been deprecated outside of UTF-8 mode. Please use the overload that takes a TCHAR string.")
      |         ^
/mnt/simulations/UnrealEngine5_carla/Engine/Source/Runtime/Core/Public/Misc/CoreMiscDefines.h:276:43: note: expanded from macro 'UE_DEPRECATED'
  276 | #define UE_DEPRECATED(Version, Message) [[deprecated(Message " Please update your code to the new API before upgrading to the next release, otherwise your project will no longer compile.")]]
      |                                           ^
In file included from /mnt/simulations/carla/Unreal/CarlaUnreal/Intermediate/Build/Linux/x64/CarlaUnreal/Development/Carla/Module.Carla.13.cpp:26:
/mnt/simulations/carla/Unreal/CarlaUnreal/Plugins/Carla/Source/Carla/Util/GeometryImporter.cpp:110:42: warning: 'GetStringField' is deprecated: Passing an ANSI string to GetStringField has been deprecated outside of UTF-8 mode. Please use the overload that takes a TCHAR string. Please update your code to the new API before upgrading to the next release, otherwise your project will no longer compile. [-Wdeprecated-declarations]
  110 |         FString GeometryType = Geometry->GetStringField("type");
      |                                          ^
/mnt/simulations/UnrealEngine5_carla/Engine/Source/Runtime/Json/Public/Dom/JsonObject.h:385:2: note: 'GetStringField' has been explicitly marked deprecated here
  385 |         UE_DEPRECATED(5.4, "Passing an ANSI string to GetStringField has been deprecated outside of UTF-8 mode. Please use the overload that takes a TCHAR string.")
      |         ^
/mnt/simulations/UnrealEngine5_carla/Engine/Source/Runtime/Core/Public/Misc/CoreMiscDefines.h:276:43: note: expanded from macro 'UE_DEPRECATED'
  276 | #define UE_DEPRECATED(Version, Message) [[deprecated(Message " Please update your code to the new API before upgrading to the next release, otherwise your project will no longer compile.")]]
      |                                           ^
In file included from /mnt/simulations/carla/Unreal/CarlaUnreal/Intermediate/Build/Linux/x64/CarlaUnreal/Development/Carla/Module.Carla.13.cpp:26:
/mnt/simulations/carla/Unreal/CarlaUnreal/Plugins/Carla/Source/Carla/Util/GeometryImporter.cpp:115:24: warning: 'TryGetArrayField' is deprecated: Passing an ANSI string to TryGetArrayField has been deprecated outside of UTF-8 mode. Please use the overload that takes a TCHAR string. Please update your code to the new API before upgrading to the next release, otherwise your project will no longer compile. [-Wdeprecated-declarations]
  115 |         if (!Geometry->TryGetArrayField("coordinates", Rings) || Rings->Num() == 0)
      |                        ^
/mnt/simulations/UnrealEngine5_carla/Engine/Source/Runtime/Json/Public/Dom/JsonObject.h:428:2: note: 'TryGetArrayField' has been explicitly marked deprecated here
  428 |         UE_DEPRECATED(5.4, "Passing an ANSI string to TryGetArrayField has been deprecated outside of UTF-8 mode. Please use the overload that takes a TCHAR string.")
      |         ^
/mnt/simulations/UnrealEngine5_carla/Engine/Source/Runtime/Core/Public/Misc/CoreMiscDefines.h:276:43: note: expanded from macro 'UE_DEPRECATED'
  276 | #define UE_DEPRECATED(Version, Message) [[deprecated(Message " Please update your code to the new API before upgrading to the next release, otherwise your project will no longer compile.")]]
      |                                           ^
5 warnings generated.
[164/870] Compile Module.Chaos.7.cpp
[165/870] Compile Module.Chaos.22.cpp
[166/870] Compile [x86-64] XPBDSpringConstraints.ispc
[167/870] Compile Module.Chaos.3.cpp
[168/870] Compile Module.ChaosVehicles.1.cpp
[169/870] Compile Module.CharacterAI.cpp
[170/870] Compile Module.ChaosVehiclesEngine.cpp
[171/870] Compile Module.ChaosVDBlueprint.cpp
[172/870] Compile Module.ChaosVDRuntime.cpp
[173/870] Compile Module.ClothSysRuntimeIntrfc.cpp
[174/870] Compile [x86-64] ChaosClothingSimulationSolver.ispc
[175/870] Compile Module.Chaos.6.cpp
[176/870] Compile Module.ClothingSystemRuntimeNv.cpp
[177/870] Compile Module.CinematicCamera.cpp
[178/870] Compile Module.ChunkDownloader.cpp
[179/870] Compile Module.Chaos.21.cpp
[180/870] Compile Module.ChaosSolverEngine.cpp
[181/870] Compile Module.Chaos.8.cpp
[182/870] Compile [x86-64] VelocityField.ispc
[183/870] Compile [x86-64] XPBDStretchBiasElementConstraints.ispc
[184/870] Compile Module.ChaosVehicles.3.cpp
[185/870] Compile Module.CookOnTheFly.cpp
[186/870] Compile Module.ChaosVehiclesCore.cpp
[187/870] Compile MiMalloc.c
[188/870] Compile [x86-64] XPBDAnisotropicBendingConstraints.ispc
[189/870] Compile Module.ChaosVehicles.2.cpp
[190/870] Compile Module.ChaosCaching.cpp
[191/870] Compile Module.ControlRig.1.cpp
[192/870] Compile [x86-64] XPBDBendingConstraints.ispc
[193/870] Compile Module.ClothingSystemRuntimeCommon.cpp
[194/870] Compile Module.ComputeFramework.cpp
[195/870] Compile Module.ChaosNiagara.cpp
[196/870] Compile Module.Constraints.cpp
[197/870] Compile [x86-64] XPBDAnisotropicSpringConstraints.ispc
[198/870] Compile Module.ControlRig.5.cpp
[199/870] Compile [x86-64] PerParticlePBDCollisionConstraint.ispc
[200/870] Compile Module.ControlRigSpline.cpp
[201/870] Compile Module.Chaos.15.cpp
[202/870] Compile Module.CoreOnline.cpp
[203/870] Compile Module.Core.13.cpp
[204/870] Compile Module.CorePreciseFP.cpp
[205/870] Compile Module.Core.1.cpp
[206/870] Compile Module.CoreUObject.1.cpp
[207/870] Compile Module.Core.18.cpp
[208/870] Compile Module.Core.11.cpp
[209/870] Compile Module.Core.10.cpp
[210/870] Compile Module.Core.5.cpp
[211/870] Compile Module.Core.3.cpp
[212/870] Compile Module.Core.7.cpp
[213/870] Compile Module.Core.4.cpp
[214/870] Compile Module.CoreUObject.15.cpp
[215/870] Compile Module.ChaosCloth.cpp
[216/870] Compile Module.Core.17.cpp
[217/870] Compile Module.Core.16.cpp
[218/870] Compile Module.CoreUObject.16.cpp
[219/870] Compile Module.Core.9.cpp
[220/870] Compile Module.CoreUObject.14.cpp
[221/870] Compile Module.Core.8.cpp
[222/870] Compile Module.Core.6.cpp
[223/870] Compile Module.CustomMeshComponent.cpp
[224/870] Compile Module.Core.12.cpp
[225/870] Compile Module.CsvMetrics.cpp
[226/870] Compile Module.Core.15.cpp
[227/870] Compile Module.CoreUObject.10.cpp
[228/870] Compile Module.Core.14.cpp
[229/870] Compile Module.Core.2.cpp
[230/870] Compile Module.ControlRig.3.cpp
[231/870] Compile Module.DeveloperSettings.cpp
[232/870] Compile Module.CoreUObject.5.cpp
[233/870] Compile Module.CoreUObject.4.cpp
[234/870] Compile Module.ControlRig.2.cpp
[235/870] Compile Module.DumpGPUServices.cpp
[236/870] Compile Module.DataflowEngine.cpp
[237/870] Compile Module.DataflowEnginePlugin.cpp
[238/870] Compile Module.CoreUObject.11.cpp
[239/870] Compile Module.EditorAnalyticsSession.cpp
[240/870] Compile Module.CoreUObject.12.cpp
[241/870] Compile Module.DesktopPlatform.cpp
[242/870] Compile Module.CoreUObject.2.cpp
[243/870] Compile Module.DataflowNodes.cpp
[244/870] Compile Module.CoreUObject.6.cpp
[245/870] Compile Module.DatasmithContent.cpp
[246/870] Compile Module.DirectoryWatcher.cpp
[247/870] Compile [x86-64] BonePose.ispc
[248/870] Compile [x86-64] GPUSkinVertexFactory.ispc
[249/870] Compile Module.CoreUObject.13.cpp
[250/870] Compile Module.DataflowSimulation.cpp
[251/870] Compile Module.EOSShared.cpp
[252/870] Compile Module.Engine.11.cpp
[253/870] Compile [x86-64] KAggregateGeom.ispc
[254/870] Compile [x86-64] AnimEncoding_ConstantKeyLerp.ispc
[255/870] Compile Module.CoreUObject.9.cpp
[256/870] Compile Module.Engine.10.cpp
[257/870] Compile Module.Engine.12.cpp
[258/870] Compile [x86-64] AnimationRuntime.ispc
[259/870] Compile Module.Engine.16.cpp
[260/870] Compile Module.Engine.15.cpp
[261/870] Compile Module.Engine.14.cpp
[262/870] Compile Module.Engine.13.cpp
[263/870] Compile Module.CoreUObject.8.cpp
[264/870] Compile Module.Engine.1.cpp
[265/870] Compile Module.Engine.19.cpp
[266/870] Compile Module.Engine.21.cpp
[267/870] Compile [x86-64] AnimEncoding_VariableKeyLerp.ispc
[268/870] Compile Module.Engine.20.cpp
[269/870] Compile Module.DataflowCore.cpp
[270/870] Compile Module.Engine.18.cpp
[271/870] Compile Module.CoreUObject.3.cpp
[272/870] Compile Module.Engine.22.cpp
[273/870] Compile Module.Engine.17.cpp
[274/870] Compile Module.Engine.24.cpp
[275/870] Compile Module.Engine.2.cpp
[276/870] Compile Module.Engine.23.cpp
[277/870] Compile Module.DrawPrimitiveDebugger.cpp
[278/870] Compile Module.Engine.3.cpp
[279/870] Compile [x86-64] AnimEncoding_PerTrackCompression.ispc
[280/870] Compile Module.Engine.4.cpp
[281/870] Compile Module.CoreUObject.7.cpp
[282/870] Compile Module.Engine.34.cpp
[283/870] Compile Module.DynamicMesh.1.cpp
[284/870] Compile Module.Engine.26.cpp
[285/870] Compile Module.Engine.27.cpp
[286/870] Compile Module.Engine.28.cpp
[287/870] Compile Module.Engine.36.cpp
[288/870] Compile Module.Engine.25.cpp
[289/870] Compile Module.Engine.38.cpp
[290/870] Compile Module.Engine.31.cpp
[291/870] Compile Module.Engine.29.cpp
[292/870] Compile Module.Engine.37.cpp
[293/870] Compile Module.DynamicMesh.2.cpp
[294/870] Compile Module.ControlRig.4.cpp
[295/870] Compile Module.Engine.32.cpp
[296/870] Compile Module.Engine.40.cpp
[297/870] Compile Module.Engine.5.cpp
[298/870] Compile Module.Engine.43.cpp
[299/870] Compile Module.Engine.47.cpp
[300/870] Compile Module.Engine.48.cpp
[301/870] Compile Module.Engine.30.cpp
[302/870] Compile Module.Engine.39.cpp
[303/870] Compile Module.Engine.6.cpp
[304/870] Compile Module.Engine.35.cpp
[305/870] Compile Module.Engine.41.cpp
[306/870] Compile Module.Engine.49.cpp
[307/870] Compile Module.DynamicMesh.3.cpp
[308/870] Compile Module.Engine.45.cpp
[309/870] Compile Module.Engine.42.cpp
[310/870] Compile Module.Engine.50.cpp
[311/870] Compile Module.Engine.46.cpp
[312/870] Compile Module.Engine.55.cpp
[313/870] Compile Module.Engine.7.cpp
[314/870] Compile Module.Engine.54.cpp
[315/870] Compile Module.Engine.51.cpp
[316/870] Compile Module.Engine.69.cpp
[317/870] Compile Module.Engine.44.cpp
[318/870] Compile Module.Engine.53.cpp
[319/870] Compile Module.Engine.8.cpp
[320/870] Compile Module.Engine.52.cpp
[321/870] Compile Module.Engine.9.cpp
[322/870] Compile [x86-64] SkinnedAsset.ispc
[323/870] Compile Module.Carla.12.cpp
In file included from /mnt/simulations/carla/Unreal/CarlaUnreal/Intermediate/Build/Linux/x64/CarlaUnreal/Development/Carla/Module.Carla.12.cpp:49:
/mnt/simulations/carla/Unreal/CarlaUnreal/Plugins/Carla/Source/Carla/Server/CarlaServer.cpp:501:46: warning: 'GetNamesOfAllActors' is deprecated: This command no longer makes sense since the apply_textures API relies on IDs. [-Wdeprecated-declarations]
  501 |     TArray<FString> NamesFString = GameMode->GetNamesOfAllActors();
      |                                              ^
/mnt/simulations/carla/Unreal/CarlaUnreal/Plugins/Carla/Source/Carla/Game/CarlaGameModeBase.h:118:5: note: 'GetNamesOfAllActors' has been explicitly marked deprecated here
  118 |   [[deprecated("This command no longer makes sense since the apply_textures API relies on IDs.")]]
      |     ^
1 warning generated.
[324/870] Compile RayTracingGeometryManager.cpp
[325/870] Compile Module.EngineMessages.cpp
[326/870] Compile Module.Engine.67.cpp
[327/870] Compile Module.EngineSettings.cpp
[328/870] Compile Module.Engine.60.cpp
[329/870] Compile Module.Engine.63.cpp
[330/870] Compile Module.EventLoop.cpp
[331/870] Compile Module.EngineCameras.cpp
[332/870] Compile Module.Engine.62.cpp
[333/870] Compile Module.Engine.66.cpp
[334/870] Compile Module.ExampleDeviceProfileSelector.cpp
[335/870] Compile Module.Engine.61.cpp
[336/870] Compile Module.EyeTracker.cpp
[337/870] Compile Module.FieldNotification.cpp
[338/870] Compile Module.FacialAnimation.cpp
[339/870] Compile Module.ExrReaderGpu.cpp
[340/870] Compile Module.Engine.74.cpp
[341/870] Compile Module.Engine.73.cpp
[342/870] Compile Module.Engine.59.cpp
[343/870] Compile Module.Engine.72.cpp
[344/870] Compile Module.Engine.65.cpp
[345/870] Compile Module.Engine.58.cpp
[346/870] Compile Module.Engine.64.cpp
[347/870] Compile Module.Engine.75.cpp
[348/870] Compile Module.GameplayCameras.1.cpp
[349/870] Compile Module.GeometryAlgorithms.3.cpp
[350/870] Compile Module.GameplayTasks.cpp
[351/870] Compile Module.Foliage.cpp
[352/870] Compile Module.FieldSystemEngine.cpp
[353/870] Compile Module.Engine.56.cpp
[354/870] Compile [x86-64] GeometryCacheSceneProxy.ispc
[355/870] Compile Module.Engine.33.cpp
[356/870] Compile Module.Engine.68.cpp
[357/870] Compile [x86-64] GeometryCollectionSceneProxy.ispc
[358/870] Compile Module.GameplayDebugger.cpp
[359/870] Compile Module.GameplayCameras.3.cpp
[360/870] Compile Module.FunctionalTesting.cpp
[361/870] Compile [x86-64] GeometryCollectionComponent.ispc
[362/870] Compile Module.GameplayTags.cpp
[363/870] Compile Module.GLTFCore.cpp
[364/870] Compile Module.GeometryCacheTracks.cpp
[365/870] Compile Module.EnhancedInput.cpp
[366/870] Compile Module.FractureEngine.cpp
[367/870] Compile Module.FullBodyIK.cpp
[368/870] Compile Module.GeometryCollectionNodes.4.cpp
[369/870] Compile Module.GooglePAD.cpp
[370/870] Compile Module.GeometryCollectionNodes.1.cpp
[371/870] Compile Module.GeometryCollectionDepNodes.cpp
[372/870] Compile Module.GeometryCollectionTracks.cpp
[373/870] Compile Module.HairStrandsRuntime.cpp
[374/870] Compile Module.Engine.57.cpp
[375/870] Compile Module.GeometryCollectionNodes.2.cpp
[376/870] Compile Module.Engine.71.cpp
[377/870] Compile Module.IESFile.cpp
[378/870] Compile Module.GeometryCache.cpp
[379/870] Compile Module.GeometryCore.4.cpp
[380/870] Compile Module.HairStrandsDeformer.cpp
[381/870] Compile Module.HTTP.cpp
[382/870] Compile Module.Icmp.cpp
[383/870] Compile Module.HttpReplayStreaming.cpp
[384/870] Compile Module.GameplayCameras.2.cpp
[385/870] Compile Module.HeadMountedDisplay.cpp
[386/870] Compile Module.GLTFExporter.cpp
[387/870] Compile Module.HoldoutComposite.cpp
[388/870] Compile Module.InputDevice.cpp
[389/870] Compile Module.ImgMediaFactory.cpp
[390/870] Compile Module.ImgMediaEngine.cpp
[391/870] Compile Module.ImageWriteQueue.cpp
[392/870] Compile Module.InputCore.cpp
[393/870] Compile Module.ImageCore.cpp
[394/870] Compile Module.InputDebugging.cpp
[395/870] Compile Module.Engine.70.cpp
[396/870] Compile Module.InterchangeCommon.cpp
[397/870] Compile Module.InterchangeExport.cpp
[398/870] Compile Module.GeometryFramework.cpp
[399/870] Compile Module.InteractiveToolsFramework.3.cpp
[400/870] Compile Module.InterchangeDispatcher.cpp
[401/870] Compile Module.InterchangeCommonParser.cpp
[402/870] Compile Module.IKRig.cpp
[403/870] Compile Module.InstallBundleManager.cpp
[404/870] Compile Module.HairStrandsCore.1.cpp
[405/870] Compile Module.GeometryCore.3.cpp
[406/870] Compile Module.ImgMedia.cpp
[407/870] Compile Module.HairStrandsCore.4.cpp
[408/870] Compile Module.HairStrandsCore.2.cpp
[409/870] Compile Module.InteractiveToolsFramework.1.cpp
[410/870] Compile Module.HairStrandsCore.3.cpp
[411/870] Compile Module.InterchangeMessages.cpp
[412/870] Compile Module.InterchangeNodes.1.cpp
[413/870] Compile Module.InterchangeNodes.2.cpp
[414/870] Compile Module.InterchangeImport.4.cpp
[415/870] Compile Module.InterchangeFactoryNodes.1.cpp
[416/870] Compile Module.IrisCore.1.cpp
[417/870] Compile Module.GeometryAlgorithms.1.cpp
[418/870] Compile Module.IrisCore.2.cpp
[419/870] Compile Module.InterchangeNodes.3.cpp
[420/870] Compile Module.IrisCore.7.cpp
[421/870] Compile Module.JsonUtilities.cpp
[422/870] Compile Module.Landmass.cpp
[423/870] Compile Module.InteractiveToolsFramework.2.cpp
[424/870] Compile Module.InterchangeImport.2.cpp
[425/870] Compile Module.InterchangeEngine.cpp
[426/870] Compile Module.Landscape.1.cpp
[427/870] Compile Module.GeometryCore.1.cpp
[428/870] Compile Module.Landscape.2.cpp
[429/870] Compile Module.ImageWrapper.cpp
[430/870] Compile Module.Json.cpp
[431/870] Compile Module.IrisCore.6.cpp
[432/870] Compile Module.InterchangeImport.3.cpp
[433/870] Compile Module.LauncherChunkInstaller.cpp
[434/870] Compile Module.IrisCore.4.cpp
[435/870] Compile Module.IrisCore.3.cpp
[436/870] Compile Module.LinuxDeviceProfileSelector.cpp
[437/870] Compile Module.InterchangeCore.cpp
[438/870] Compile Module.InterchangeFactoryNodes.2.cpp
[439/870] Compile Module.Landscape.5.cpp
[440/870] Compile Module.Landscape.4.cpp
[441/870] Compile Module.GeometryAlgorithms.2.cpp
[442/870] Compile Module.LiveLinkAnimationCore.cpp
[443/870] Compile Module.IrisCore.5.cpp
[444/870] Compile Module.LFNRS.cpp
[445/870] Compile Module.LiveLinkComponents.cpp
[446/870] Compile Module.LocalizableMessage.cpp
[447/870] Compile Module.LocalizableMessageBlueprint.cpp
[448/870] Compile Module.LiveLinkMessageBusFramework.cpp
[449/870] Compile Module.Landscape.8.cpp
[450/870] Compile Module.LocationServicesBPLibrary.cpp
[451/870] Compile Module.MathCore.cpp
[452/870] Compile Module.MSQS.cpp
[453/870] Compile Module.GeometryCollectionEngine.cpp
[454/870] Compile Module.GeometryCore.2.cpp
[455/870] Compile Module.LocalizationService.cpp
[456/870] Compile Module.LiveLinkInterface.cpp
[457/870] Compile Module.Media.cpp
[458/870] Compile Module.InterchangeImport.1.cpp
[459/870] Compile Module.MediaPlate.cpp
[460/870] Compile Module.MeshFileUtils.cpp
[461/870] Compile Module.LevelSequence.cpp
[462/870] Compile Module.Launch.cpp
[463/870] Compile Module.MRMesh.cpp
[464/870] Compile Module.MeshConversionEngineTypes.cpp
[465/870] Compile Module.MediaCompositing.cpp
[466/870] Compile Module.MeshModelingToolsExp.1.cpp
[467/870] Compile Module.LiveLinkMovieScene.cpp
[468/870] Compile Module.MessagingCommon.cpp
[469/870] Compile Module.Landscape.7.cpp
[470/870] Compile Module.MediaUtils.cpp
[471/870] Compile Module.MeshUtilitiesCommon.cpp
[472/870] Compile Module.Landscape.3.cpp
[473/870] Compile Module.MediaAssets.cpp
[474/870] Compile Module.Messaging.cpp
[475/870] Compile Module.MassEntityTestSuite.cpp
[476/870] Compile Module.Landscape.6.cpp
[477/870] Compile Module.MeshConversion.cpp
[478/870] Compile Module.GeometryCollectionNodes.3.cpp
[479/870] Compile Module.MetaHumanSDKRuntime.cpp
[480/870] Compile Module.Localization.cpp
[481/870] Compile Module.MetasoundEngine.1.cpp
[482/870] Compile Module.MetasoundEngineTest.cpp
[483/870] Compile Module.InterchangePipelines.cpp
[484/870] Compile Module.MassEntity.cpp
[485/870] Compile Module.MetasoundGenerator.cpp
[486/870] Compile Module.MeshDescription.cpp
[487/870] Compile Module.MobilePatchingUtils.cpp
[488/870] Compile Module.LiveLink.cpp
[489/870] Compile Module.MeshModelingToolsExp.2.cpp
[490/870] Compile Module.ModelingUI.cpp
[491/870] Compile Module.MessageLog.cpp
[492/870] Compile Module.MetasoundGraphCore.cpp
[493/870] Compile Module.MetasoundFrontend.2.cpp
[494/870] Compile Module.MetasoundStandardNodes.2.cpp
[495/870] Compile Module.MoviePlayerProxy.cpp
[496/870] Compile Module.MetasoundFrontend.3.cpp
[497/870] Compile Module.MetasoundFrontend.1.cpp
[498/870] Compile Module.MoviePlayer.cpp
[499/870] Compile Module.MetasoundStandardNodes.3.cpp
[500/870] Compile Module.MetasoundStandardNodes.4.cpp
[501/870] Compile Module.ModelingComponents.4.cpp
[502/870] Compile Module.MovieScene.1.cpp
[503/870] Compile Module.MeshModelingToolsExp.3.cpp
[504/870] Compile Module.MetasoundStandardNodes.6.cpp
[505/870] Compile Module.MsQuicRuntime.cpp
[506/870] Compile Module.MetasoundStandardNodes.1.cpp
[507/870] Compile Module.MeshModelingTools.cpp
[508/870] Compile Module.MetasoundStandardNodes.7.cpp
[509/870] Compile Module.NNE.cpp
[510/870] Compile Module.Nanosvg.cpp
[511/870] Compile Module.NNEDenoiserShaders.cpp
[512/870] Compile Module.MeshModelingToolsExp.5.cpp
[513/870] Compile Module.MovieSceneCapture.cpp
[514/870] Compile Module.ModelingComponents.1.cpp
[515/870] Compile Module.MovieScene.2.cpp
[516/870] Compile Module.NNERuntimeORT.cpp
[517/870] Compile Module.MetasoundStandardNodes.5.cpp
[518/870] Compile Module.NNEDenoiser.cpp
[519/870] Compile Module.ModelingOperators.cpp
[520/870] Compile Module.MovieScene.6.cpp
[521/870] Compile Module.MeshModelingToolsExp.4.cpp
[522/870] Compile Module.NetCommon.cpp
[523/870] Compile Module.Networking.cpp
[524/870] Compile Module.NetworkReplayStreaming.cpp
[525/870] Compile Module.Navmesh.3.cpp
[526/870] Compile Module.Navmesh.1.cpp
[527/870] Compile Module.NetworkFile.cpp
[528/870] Compile Module.ModelingComponents.2.cpp
[529/870] Compile Module.Navmesh.2.cpp
[530/870] Compile Module.Niagara.1.cpp
[531/870] Compile Module.ModelingComponents.3.cpp
[532/870] Compile Module.NFORDenoise.cpp
[533/870] Compile Module.NetCore.cpp
[534/870] Compile Module.MovieScene.5.cpp
[535/870] Compile Module.MetasoundEngine.2.cpp
[536/870] Compile Module.MovieScene.3.cpp
[537/870] Compile Module.Niagara.2.cpp
[538/870] Compile Module.Niagara.3.cpp
[539/870] Compile Module.MovieSceneTracks.4.cpp
[540/870] Compile Module.Niagara.16.cpp
[541/870] Compile Module.NavigationSystem.1.cpp
[542/870] Compile Module.NavigationSystem.3.cpp
[543/870] Compile [x86-64] NiagaraDataInterfaceVectorField.ispc
[544/870] Compile Module.NiagaraAnimNotifies.cpp
[545/870] Compile Module.NavigationSystem.2.cpp
[546/870] Compile Module.MovieScene.4.cpp
[547/870] Compile Module.NiagaraCore.cpp
[548/870] Compile Module.MetasoundFrontend.4.cpp
[549/870] Compile Module.NullDrv.cpp
[550/870] Compile Module.NonRealtimeAudioRenderer.cpp
[551/870] Compile Module.OnlineBase.cpp
[552/870] Compile Module.NullReplayStreaming.cpp
[553/870] Compile Module.NiagaraSimCaching.cpp
[554/870] Compile Module.NiagaraVertexFactories.cpp
[555/870] Compile Module.Niagara.4.cpp
[556/870] Compile Module.Niagara.13.cpp
[557/870] Compile Module.OnlineServicesCommonEngineUtils.cpp
[558/870] Compile Module.Niagara.14.cpp
[559/870] Compile Module.Niagara.12.cpp
[560/870] Compile Module.Niagara.10.cpp
[561/870] Compile Module.MovieSceneTracks.2.cpp
[562/870] Compile Module.Niagara.15.cpp
[563/870] Compile Module.OnlineServicesInterface.cpp
[564/870] Compile Module.OptimusSettings.cpp
[565/870] Compile Module.OodleNetworkPlugin.cpp
[566/870] Compile Module.OpenExrWrapper.cpp
[567/870] Compile Module.OnlineSubsystemNull.cpp
[568/870] Compile Module.Niagara.11.cpp
[569/870] Compile Module.Niagara.8.cpp
[570/870] Compile Module.NiagaraShader.cpp
[571/870] Compile Module.Overlay.cpp
[572/870] Compile Module.OpusAudioDecoder.cpp
[573/870] Compile Module.MovieSceneTracks.3.cpp
[574/870] Compile Module.OnlineSubsystemUtils.2.cpp
[575/870] Compile Module.OptimusCore.3.cpp
[576/870] Compile Module.Niagara.9.cpp
[577/870] Compile Module.PBIK.cpp
[578/870] Compile Module.PCG.1.cpp
[579/870] Compile Module.PCG.3.cpp
[580/870] Compile Module.Niagara.5.cpp
[581/870] Compile Module.PCG.2.cpp
[582/870] Compile Module.PCG.4.cpp
[583/870] Compile Module.PCG.5.cpp
[584/870] Compile Module.MovieSceneTracks.1.cpp
[585/870] Compile Module.OnlineSubsystemUtils.3.cpp
[586/870] Compile Module.PCGCompute.cpp
[587/870] Compile Module.PCG.14.cpp
[588/870] Compile Module.OnlineSubsystemUtils.1.cpp
[589/870] Compile Module.PacketHandler.cpp
[590/870] Compile Module.PlatformCrypto.cpp
[591/870] Compile Module.PerformanceMonitor.cpp
[592/870] Compile Module.PlatformCryptoTypes.cpp
[593/870] Compile Module.OpenGLDrv.cpp
[594/870] Compile Module.PlatformCryptoOpenSSL.cpp
[595/870] Compile Module.OptimusCore.1.cpp
[596/870] Compile Module.PCG.16.cpp
[597/870] Compile Module.PCG.13.cpp
[598/870] Compile Module.PythonScriptPluginPreload.cpp
[599/870] Compile Module.PCG.15.cpp
[600/870] Compile Module.PropertyPath.cpp
[601/870] Compile Module.Niagara.6.cpp
[602/870] Compile Module.PreLoadScreen.cpp
[603/870] Compile Module.RSA.cpp
[604/870] Compile Module.ProceduralMeshComponent.cpp
[605/870] Compile Module.OnlineServicesCommon.2.cpp
[606/870] Compile Module.RawMesh.cpp
[607/870] Compile Module.RadAudioDecoder.cpp
[608/870] Compile Module.OnlineServicesCommon.1.cpp
[609/870] Compile Module.Paper2D.cpp
[610/870] Compile Module.Niagara.7.cpp
[611/870] Compile Module.OnlineSubsystem.cpp
[612/870] Compile Module.ReliableHComp.cpp
[613/870] Compile Module.PCG.11.cpp
[614/870] Compile Module.Projects.cpp
[615/870] Compile Module.RealtimeProfiler.cpp
[616/870] Compile Module.RHICore.cpp
[617/870] Compile Module.RenderDocPlugin.cpp
[618/870] Compile Module.PakFile.cpp
[619/870] Compile Module.ProfileVisualizer.cpp
[620/870] Compile Module.RHI.2.cpp
[621/870] Compile Module.RHI.1.cpp
[622/870] Compile Module.RenderCore.5.cpp
[623/870] Compile DeferredShadingRenderer.cpp
[624/870] Compile Module.RenderCore.4.cpp
[625/870] Compile Module.RenderCore.3.cpp
[626/870] Compile Module.PlanarCut.cpp
[627/870] Compile Module.OptimusCore.2.cpp
[628/870] Compile Module.PCG.9.cpp
[629/870] Compile Module.PCG.6.cpp
[630/870] Compile Module.RenderCore.2.cpp
[631/870] Compile Module.RenderCore.1.cpp
[632/870] Compile Module.PhysicsCore.cpp
[633/870] Compile Module.Renderer.11.cpp
[634/870] Compile Module.Renderer.14.cpp
[635/870] Compile Module.Renderer.1.cpp
[636/870] Compile Module.Renderer.12.cpp
[637/870] Compile Module.Renderer.10.cpp
[638/870] Compile Module.Renderer.16.cpp
[639/870] Compile Module.Renderer.13.cpp
[640/870] Compile Module.Renderer.17.cpp
[641/870] Compile Module.PCG.10.cpp
[642/870] Compile Module.Renderer.2.cpp
[643/870] Compile Module.Renderer.15.cpp
[644/870] Compile Module.Renderer.18.cpp
[645/870] Compile Module.PCG.7.cpp
[646/870] Compile Module.Renderer.19.cpp
[647/870] Compile ambisonic_binaural_decoder.cc
[648/870] Compile Module.Renderer.22.cpp
[649/870] Compile ambisonic_lookup_table.cc
[650/870] Compile ambisonic_binaural_decoder_node.cc
[651/870] Compile associated_legendre_polynomials_generator.cc
[652/870] Compile audio_buffer.cc
[653/870] Compile binaural_surround_renderer.cc
[654/870] Compile ambisonic_mixing_encoder_node.cc
[655/870] Compile biquad_filter.cc
[656/870] Compile buffer_crossfader.cc
[657/870] Compile buffer_partitioner.cc
[658/870] Compile buffer_unpartitioner.cc
[659/870] Compile buffered_source_node.cc
[660/870] Compile channel_converter.cc
[661/870] Compile Module.Renderer.23.cpp
[662/870] Compile channel_view.cc
[663/870] Compile Module.Renderer.20.cpp
[664/870] Compile binaural_surround_renderer_impl.cc
[665/870] Compile delay_filter.cc
[666/870] Compile distance_attenuation.cc
[667/870] Compile circular_buffer.cc
[668/870] Compile fft_manager.cc
[669/870] Compile fir_filter.cc
[670/870] Compile filter_coefficient_generators.cc
[671/870] Compile gain.cc
[672/870] Compile gain_mixer.cc
[673/870] Compile foa_rotator_node.cc
[674/870] Compile gain_processor.cc
[675/870] Compile gain_mixer_node.cc
[676/870] Compile gain_node.cc
[677/870] Compile foa_rotator.cc
[678/870] Compile Module.Renderer.26.cpp
[679/870] Compile hrtf_assets.cc
[680/870] Compile misc_math.cc
[681/870] Compile mixer.cc
[682/870] Compile hoa_rotator_node.cc
[683/870] Compile lockless_task_queue.cc
[684/870] Compile mono_pole_filter.cc
[685/870] Compile RayTracingInstanceCulling.cpp
[686/870] Compile mixer_node.cc
[687/870] Compile near_field_processor.cc
[688/870] Compile multi_channel_iir.cc
[689/870] Compile mono_from_soundfield_node.cc
[690/870] Compile occlusion_calculator.cc
[691/870] Compile partitioned_fft_filter.cc
[692/870] Compile graph_manager.cc
[693/870] Compile near_field_effect_node.cc
[694/870] Compile ogg_vorbis_recorder.cc
[695/870] Compile planar_interleaved_conversion.cc
[696/870] Compile occlusion_node.cc
[697/870] Compile Module.Renderer.25.cpp
[698/870] Compile resampler.cc
[699/870] Compile Module.PCG.12.cpp
[700/870] Compile processing_node.cc
[701/870] Compile resonance_audio_api.cc
[702/870] Compile reflections_processor.cc
[703/870] Compile reflections_node.cc
[704/870] Compile sample_type_conversion.cc
[705/870] Compile reverb_onset_update_processor.cc
[706/870] Compile shoe_box_room.cc
[707/870] Compile sh_hrir_creator.cc
[708/870] Compile reverb_onset_compensator.cc
[709/870] Compile source_config.cc
[710/870] Compile reverb_node.cc
[711/870] Compile room_effects_utils.cc
[712/870] Compile simd_utils.cc
[713/870] Compile stereo_from_soundfield_converter.cc
[714/870] Compile source_node.cc
[715/870] Compile hoa_rotator.cc
[716/870] Compile sum_and_difference_processor.cc
[717/870] Compile spherical_angle.cc
[718/870] Compile spectral_reverb.cc
[719/870] Compile stereo_panner.cc
[720/870] Compile source_parameters_manager.cc
[721/870] Compile wav_reader.cc
[722/870] Compile sink_node.cc
[723/870] Compile task_thread_pool.cc
[724/870] Compile utils.cc
[725/870] Compile wav.cc
[726/870] Compile vorbis_stream_encoder.cc
[727/870] Compile stereo_mixing_panner_node.cc
[728/870] Compile resonance_audio_api_impl.cc
[729/870] Compile Module.SSL.cpp
[730/870] Compile Module.SQLiteCore.cpp
[731/870] Compile Module.PCG.8.cpp
[732/870] Compile Module.Renderer.24.cpp
[733/870] Compile Module.SandboxFile.cpp
[734/870] Compile Module.ResonanceAudio.cpp
[735/870] Compile Module.Renderer.30.cpp
[736/870] Compile Module.SequencerScripting.1.cpp
[737/870] Compile Module.SequencerScripting.2.cpp
[738/870] Compile Module.Renderer.27.cpp
[739/870] Compile Module.SessionMessages.cpp
[740/870] Compile Module.Renderer.29.cpp
[741/870] Compile Module.Renderer.28.cpp
[742/870] Compile SceneRendering.cpp
[743/870] Compile Module.SignalProcessing.3.cpp
[744/870] Compile Module.Renderer.9.cpp
[745/870] Compile Module.Renderer.8.cpp
[746/870] Compile [x86-64] FloatArrayMath.ispc
[747/870] Compile Module.Settings.cpp
[748/870] Compile Module.Renderer.4.cpp
[749/870] Compile Module.Renderer.7.cpp
[750/870] Compile Module.SignificanceManager.cpp
[751/870] Compile Module.Renderer.6.cpp
[752/870] Compile Module.Renderer.21.cpp
[753/870] Compile Module.SessionServices.cpp
[754/870] Compile Module.Renderer.5.cpp
[755/870] Compile Module.ScreenShotComparisonTools.cpp
[756/870] Compile Module.RigVM.1.cpp
[757/870] Compile Module.SequencerScripting.3.cpp
[758/870] Compile Module.SignalProcessing.2.cpp
[759/870] Compile Module.SlateNullRenderer.cpp
[760/870] Compile Module.Renderer.3.cpp
[761/870] Compile Module.RigLogicModule.cpp
[762/870] Compile Module.SlateCore.5.cpp
[763/870] Compile Module.Serialization.cpp
[764/870] Compile Module.SoundFields.cpp
[765/870] Compile Module.SoundFieldRendering.cpp
[766/870] Compile Module.SignalProcessing.1.cpp
[767/870] Compile Module.Sockets.cpp
[768/870] Compile Module.SkeletalMeshDescription.cpp
[769/870] Compile Module.SlateCore.1.cpp
[770/870] Compile Module.StateTreeModule.1.cpp
[771/870] Compile Module.Slate.1.cpp
[772/870] Compile Module.StreamingFile.cpp
[773/870] Compile Module.RigVM.3.cpp
[774/870] Compile Module.StorageServerClientDebug.cpp
[775/870] Compile Module.StateTreeModule.3.cpp
[776/870] Compile Module.StorageServerClient.cpp
[777/870] Compile Module.SynthBenchmark.cpp
[778/870] Compile Module.SunPosition.cpp
[779/870] Compile Module.StreamingPauseRendering.cpp
[780/870] Compile Module.TakeMovieScene.cpp
[781/870] Compile Module.SlateFileDialogs.cpp
[782/870] Compile Module.TelemetryUtils.cpp
[783/870] Compile Module.Slate.6.cpp
[784/870] Compile Module.SourceControl.cpp
[785/870] Compile Module.TcpMessaging.cpp
[786/870] Compile Module.TraceUtilities.cpp
[787/870] Compile SQLiteEmbedded.c
[788/870] Compile Module.TextureUtilitiesCommon.cpp
[789/870] Compile Module.StateTreeModule.2.cpp
[790/870] Compile Module.TraceLog.cpp
[791/870] Compile Module.UELibSampleRate.cpp
[792/870] Compile Module.StaticMeshDescription.cpp
[793/870] Compile Module.SlateCore.2.cpp
[794/870] Compile Module.TypedElementRuntime.cpp
[795/870] Compile Module.TimeManagement.cpp
[796/870] Compile Module.UObjectPlugin.cpp
[797/870] Compile Module.SlateCore.3.cpp
[798/870] Compile Module.SlateRHIRenderer.cpp
[799/870] Compile Module.Slate.4.cpp
[800/870] Compile Module.UnrealEdMessages.cpp
[801/870] Compile Module.SlateCore.4.cpp
[802/870] Compile Module.UnixCommonStartup.cpp
[803/870] Compile Module.UniversalObjectLocator.cpp
[804/870] Compile Module.USDUtilities.1.cpp
[805/870] Compile Module.ToolMenus.cpp
[806/870] Compile Module.USDUtilities.2.cpp
[807/870] Compile Module.Slate.5.cpp
[808/870] Compile c_loops.cc
[809/870] Compile Module.TemplateSequence.cpp
[810/870] Compile Module.Slate.2.cpp
[811/870] Compile pre_container.cc
[812/870] Compile container.cc
[813/870] Compile Module.Voronoi.cpp
[814/870] Compile Module.Voice.cpp
[815/870] Compile Module.VorbisAudioDecoder.cpp
[816/870] Compile v_base.cc
[817/870] Compile Module.VirtualFileCache.cpp
[818/870] Compile Module.USDUtilities.3.cpp
[819/870] Compile Module.Slate.3.cpp
[820/870] Compile unitcell.cc
[821/870] Compile cell.cc
[822/870] Compile wall.cc
[823/870] Compile v_compute.cc
[824/870] Compile Module.WebMMediaFactory.cpp
[825/870] Compile Module.UdpMessaging.cpp
[826/870] Compile Module.WmfMediaFactory.cpp
[827/870] Compile Module.VariantManagerContent.cpp
[828/870] Copy libboost_atomic-mt-x64.so
[829/870] Copy libboost_atomic-mt-x64.so.1.82.0
[830/870] Compile Module.WaveTable.cpp
[831/870] Copy libboost_chrono-mt-x64.so
[832/870] Copy libboost_chrono-mt-x64.so.1.82.0
[833/870] Copy libboost_filesystem-mt-x64.so
[834/870] Copy libboost_filesystem-mt-x64.so.1.82.0
[835/870] Copy libboost_iostreams-mt-x64.so
[836/870] Copy libboost_iostreams-mt-x64.so.1.82.0
[837/870] Copy libboost_program_options-mt-x64.so.1.82.0
[838/870] Copy libboost_program_options-mt-x64.so
[839/870] Copy libboost_python311-mt-x64.so
[840/870] Copy libboost_python311-mt-x64.so.1.82.0
[841/870] Copy libboost_regex-mt-x64.so
[842/870] Copy libboost_regex-mt-x64.so.1.82.0
[843/870] Copy libboost_system-mt-x64.so
[844/870] Copy libboost_system-mt-x64.so.1.82.0
[845/870] Copy libboost_thread-mt-x64.so
[846/870] Copy libboost_thread-mt-x64.so.1.82.0
[847/870] Compile Module.TranslationEditor.cpp
[848/870] Compile Module.TypedElementFramework.cpp
[849/870] Compile Module.WebMMoviePlayer.cpp
[850/870] Compile Module.UnrealUSDWrapper.cpp
[851/870] Compile Module.WebMMedia.cpp
[852/870] Compile Module.WorldMetricsCore.cpp
[853/870] Compile Module.WorldMetricsTest.cpp
[854/870] Compile Module.Synthesis.cpp
[855/870] Compile Module.VectorVM.cpp
[856/870] Compile Module.VulkanRHI.1.cpp
[857/870] Compile Module.XmlParser.cpp
[858/870] Compile Module.RigVM.2.cpp
[859/870] Compile Module.UMG.3.cpp
[860/870] Compile Module.RigLogicLib.cpp
[861/870] Compile Module.VulkanRHI.2.cpp
[862/870] Compile Module.USDClasses.cpp
[863/870] Compile Module.VulkanRHI.4.cpp
[864/870] Compile Module.ToolWidgets.cpp
[865/870] Compile Module.VulkanRHI.3.cpp
[866/870] Compile Module.SlateReflector.cpp
[867/870] Compile Module.UMG.2.cpp
[868/870] Compile Module.UMG.1.cpp
[869/870] Link (lld) CarlaUnreal (UBA disabled)
[870/870] WriteMetadata CarlaUnreal.target (UBA disabled)
Trace file written to /mnt/simulations/UnrealEngine5_carla/Engine/Programs/UnrealBuildTool/Log.uba with size 205.2kb
Total time in Unreal Build Accelerator local executor: 1239.05 seconds
Total execution time: 1279.80 seconds
[62/64] cd /mnt/simulations/carla/PythonAPI/carla && /mnt/simulations/venvs/carla/bin/python -m pip install -e /mnt/simulations/carla/PythonAPI/carla
Obtaining file:///mnt/simulations/carla/PythonAPI/carla
  Installing build dependencies: started
  Installing build dependencies: finished with status 'done'
  Checking if build backend supports build_editable: started
  Checking if build backend supports build_editable: finished with status 'done'
  Getting requirements to build editable: started
  Getting requirements to build editable: finished with status 'done'
  Preparing editable metadata (pyproject.toml): started
  Preparing editable metadata (pyproject.toml): finished with status 'done'
Building wheels for collected packages: carla
  Building editable for carla (pyproject.toml): started
  Building editable for carla (pyproject.toml): finished with status 'done'
  Created wheel for carla: filename=carla-0.10.0-cp310-cp310-linux_x86_64.whl size=3426294 sha256=543909ac47de62ea163e6bdc78e80c892a9259c3dbf5d0b40b74fef3c5e14e15
  Stored in directory: /tmp/pip-ephem-wheel-cache-o00uktkf/wheels/48/da/d5/2aaee6064d9015dd3e0eae5ee9bf9a33f2f34dbea7e6225c92
Successfully built carla
Installing collected packages: carla
  Attempting uninstall: carla
    Found existing installation: carla 0.10.0
    Uninstalling carla-0.10.0:
      Successfully uninstalled carla-0.10.0
Successfully installed carla-0.10.0
[63/64] cd /mnt/simulations/carla/Build/Unreal && /mnt/simulations/UnrealEngine5_carla/Engine/Build/BatchFiles/Linux/Build.sh CarlaUnrealEditor Linux Development -project=/mnt/simulations/carla/Unreal/CarlaUnreal/CarlaUnreal.uproject -game -buildscw
Setting up bundled DotNet SDK
Building ShaderCompileWorker...
Log file: /mnt/simulations/UnrealEngine5_carla/Engine/Programs/UnrealBuildTool/Log.txt
Using 'git status' to determine working set for adaptive non-unity build (/mnt/simulations/UnrealEngine5_carla).
Target is up to date
Total execution time: 1.80 seconds
Running command : dotnet Engine/Binaries/DotNET/UnrealBuildTool/UnrealBuildTool.dll CarlaUnrealEditor Linux Development -project=/mnt/simulations/carla/Unreal/CarlaUnreal/CarlaUnreal.uproject -game -buildscw
Log file: /mnt/simulations/UnrealEngine5_carla/Engine/Programs/UnrealBuildTool/Log.txt
Using 'git status' to determine working set for adaptive non-unity build (/mnt/simulations/UnrealEngine5_carla).
Creating makefile for CarlaUnrealEditor (command line arguments changed)
Unity build is enabled.
Slate UI is disabled.
Online Subsystem is disabled.
CarSim support is disabled.
Chrono support is disabled.
PyTorch support is disabled.
OSM2ODR support is disabled.
Ros2 support is enabled.
Ros2 demo is disabled.
Dynamic Library Added: /mnt/simulations/carla/Unreal/CarlaUnreal/Plugins/Carla/Source/Carla/../../Binaries/Linux/libcarla-ros2-native.so
Unknown option "ROS2".
OSM2ODR support is disabled.
Parsing headers for CarlaUnrealEditor
  Running Internal UnrealHeaderTool /mnt/simulations/carla/Unreal/CarlaUnreal/CarlaUnreal.uproject /mnt/simulations/carla/Unreal/CarlaUnreal/Intermediate/Build/Linux/CarlaUnrealEditor/Development/CarlaUnrealEditor.uhtmanifest -WarningsAsErrors
Total of 4 written
Reflection code generated for CarlaUnrealEditor in 66.331086 seconds
------- Build details --------
Using toolchain located at '/mnt/simulations/UnrealEngine5_carla/Engine/Extras/ThirdPartyNotUE/SDKs/HostLinux/Linux_x64/v23_clang-18.1.0-rockylinux8/x86_64-unknown-linux-gnu'.
Using clang (/mnt/simulations/UnrealEngine5_carla/Engine/Extras/ThirdPartyNotUE/SDKs/HostLinux/Linux_x64/v23_clang-18.1.0-rockylinux8/x86_64-unknown-linux-gnu/bin/clang++) version 'clang version 18.1.0rc (github.com/llvm/llvm-project 461274b81d8641eab64d494accddc81d7db8a09e)
Target: x86_64-unknown-linux-gnu
Thread model: posix
InstalledDir: /mnt/simulations/UnrealEngine5_carla/Engine/Extras/ThirdPartyNotUE/SDKs/HostLinux/Linux_x64/v23_clang-18.1.0-rockylinux8/x86_64-unknown-linux-gnu/bin' (string), 18 (major), 1 (minor), 0 (patch)
Using bundled libc++ standard C++ library.
Using lld linker
Using llvm-ar (/mnt/simulations/UnrealEngine5_carla/Engine/Extras/ThirdPartyNotUE/SDKs/HostLinux/Linux_x64/v23_clang-18.1.0-rockylinux8/x86_64-unknown-linux-gnu/bin/llvm-ar) version 'LLVM (http://llvm.org/):
  LLVM version 18.1.0rc
  Optimized build. (string)'
Using fast way to relink  circularly dependent libraries (no FixDeps).
Compressing debug files
Targeted minimum CPU architecture: None
------------------------------
Building CarlaUnrealEditor...
[Adaptive Build] Excluded from Renderer unity file: DeferredShadingRenderer.cpp, SceneRendering.cpp, RayTracingInstanceCulling.cpp
[Adaptive Build] Excluded from Engine unity file: RayTracingGeometryManager.cpp
Executing up to 24 actions based on MaxProcessorCount override
Using Unreal Build Accelerator local executor to run 24 action(s)
  Storage capacity 40Gb
---- Starting trace ----
UbaSessionServer - Disable remote execution (remote sessions will finish current processes)
------ Building 24 action(s) started ------
[1/24] WriteMetadata UnrealEditor.version (CarlaUnrealEditor) (UBA disabled)
[2/24] Compile Module.Carla.1.cpp
[3/24] Compile Module.Carla.8.cpp
[4/24] Compile Module.Carla.3.cpp
[5/24] Compile Module.Carla.14.cpp
[6/24] Compile Module.Carla.9.cpp
[7/24] Compile Module.Carla.2.cpp
[8/24] Compile Module.Carla.4.cpp
[9/24] Compile Module.Carla.6.cpp
[10/24] Compile Module.Carla.5.cpp
[11/24] Compile Module.CarlaTools.1.cpp
[12/24] Compile Module.CarlaTools.2.cpp
[13/24] Compile Module.Carla.10.cpp
In file included from /mnt/simulations/carla/Unreal/CarlaUnreal/Plugins/Carla/Intermediate/Build/Linux/x64/UnrealEditor/Development/Carla/Module.Carla.10.cpp:26:
/mnt/simulations/carla/Unreal/CarlaUnreal/Plugins/Carla/Source/Carla/CityMapGenerator.cpp:69:28: warning: 'OnObjectSaved' is deprecated: Use OnObjectPreSave instead. Please update your code to the new API before upgrading to the next release, otherwise your project will no longer compile. [-Wdeprecated-declarations]
   69 |     FCoreUObjectDelegates::OnObjectSaved.Broadcast(this);
      |                            ^
/mnt/simulations/UnrealEngine5_carla/Engine/Source/Runtime/CoreUObject/Public/UObject/UObjectGlobals.h:3142:2: note: 'OnObjectSaved' has been explicitly marked deprecated here
 3142 |         UE_DEPRECATED(5.0, "Use OnObjectPreSave instead.")
      |         ^
/mnt/simulations/UnrealEngine5_carla/Engine/Source/Runtime/Core/Public/Misc/CoreMiscDefines.h:276:43: note: expanded from macro 'UE_DEPRECATED'
  276 | #define UE_DEPRECATED(Version, Message) [[deprecated(Message " Please update your code to the new API before upgrading to the next release, otherwise your project will no longer compile.")]]
      |                                           ^
1 warning generated.
[14/24] Compile Module.Carla.11.cpp
[15/24] Compile Module.Carla.7.cpp
[16/24] Compile Module.CarlaTools.3.cpp
In file included from /mnt/simulations/carla/Unreal/CarlaUnreal/Plugins/CarlaTools/Intermediate/Build/Linux/x64/UnrealEditor/Development/CarlaTools/Module.CarlaTools.3.cpp:4:
/mnt/simulations/carla/Unreal/CarlaUnreal/Plugins/CarlaTools/Source/CarlaTools/Private/BlueprintLibrary/CarlaToolsFunctionLibrary.cpp:212:15: warning: 'SavePackage' is deprecated: Pack the arguments into FSavePackageArgs and call the function overload that takes FSavePackageArgs. Note that Conform is no longer implemented. Please update your code to the new API before upgrading to the next release, otherwise your project will no longer compile. [-Wdeprecated-declarations]
  212 |     UPackage::SavePackage(Package, NewMesh, EObjectFlags::RF_Public | EObjectFlags::RF_Standalone, *Filename);
      |               ^
/mnt/simulations/UnrealEngine5_carla/Engine/Source/Runtime/CoreUObject/Public/UObject/Package.h:998:2: note: 'SavePackage' has been explicitly marked deprecated here
  998 |         UE_DEPRECATED(5.0, "Pack the arguments into FSavePackageArgs and call the function overload that takes FSavePackageArgs. Note that Conform is no longer implemented.")
      |         ^
/mnt/simulations/UnrealEngine5_carla/Engine/Source/Runtime/Core/Public/Misc/CoreMiscDefines.h:276:43: note: expanded from macro 'UE_DEPRECATED'
  276 | #define UE_DEPRECATED(Version, Message) [[deprecated(Message " Please update your code to the new API before upgrading to the next release, otherwise your project will no longer compile.")]]
      |                                           ^
In file included from /mnt/simulations/carla/Unreal/CarlaUnreal/Plugins/CarlaTools/Intermediate/Build/Linux/x64/UnrealEditor/Development/CarlaTools/Module.CarlaTools.3.cpp:4:
/mnt/simulations/carla/Unreal/CarlaUnreal/Plugins/CarlaTools/Source/CarlaTools/Private/BlueprintLibrary/CarlaToolsFunctionLibrary.cpp:310:15: warning: 'SavePackage' is deprecated: Pack the arguments into FSavePackageArgs and call the function overload that takes FSavePackageArgs. Note that Conform is no longer implemented. Please update your code to the new API before upgrading to the next release, otherwise your project will no longer compile. [-Wdeprecated-declarations]
  310 |     UPackage::SavePackage(Package, NewMesh, EObjectFlags::RF_Public | RF_Standalone, *Filename);
      |               ^
/mnt/simulations/UnrealEngine5_carla/Engine/Source/Runtime/CoreUObject/Public/UObject/Package.h:998:2: note: 'SavePackage' has been explicitly marked deprecated here
  998 |         UE_DEPRECATED(5.0, "Pack the arguments into FSavePackageArgs and call the function overload that takes FSavePackageArgs. Note that Conform is no longer implemented.")
      |         ^
/mnt/simulations/UnrealEngine5_carla/Engine/Source/Runtime/Core/Public/Misc/CoreMiscDefines.h:276:43: note: expanded from macro 'UE_DEPRECATED'
  276 | #define UE_DEPRECATED(Version, Message) [[deprecated(Message " Please update your code to the new API before upgrading to the next release, otherwise your project will no longer compile.")]]
      |                                           ^
In file included from /mnt/simulations/carla/Unreal/CarlaUnreal/Plugins/CarlaTools/Intermediate/Build/Linux/x64/UnrealEditor/Development/CarlaTools/Module.CarlaTools.3.cpp:5:
/mnt/simulations/carla/Unreal/CarlaUnreal/Plugins/CarlaTools/Source/CarlaTools/Private/BlueprintLibrary/MeshToSplineActor.cpp:108:24: warning: 'Pop' is deprecated: Pop with a boolean bAllowShrinking has been deprecated - please use the EAllowShrinking enum instead Please update your code to the new API before upgrading to the next release, otherwise your project will no longer compile. [-Wdeprecated-declarations]
  108 |                         const int32 cur = Q.Pop(false);
      |                                             ^
/mnt/simulations/UnrealEngine5_carla/Engine/Source/Runtime/Core/Public/Containers/Array.h:895:2: note: 'Pop' has been explicitly marked deprecated here
  895 |         UE_ALLOWSHRINKING_BOOL_DEPRECATED("Pop")
      |         ^
/mnt/simulations/UnrealEngine5_carla/Engine/Source/Runtime/Core/Public/Containers/AllowShrinking.h:14:57: note: expanded from macro 'UE_ALLOWSHRINKING_BOOL_DEPRECATED'
   14 | #define UE_ALLOWSHRINKING_BOOL_DEPRECATED(FunctionName) UE_DEPRECATED_FORENGINE(5.5, FunctionName " with a boolean bAllowShrinking has been deprecated - please use the EAllowShrinking enum instead")
      |                                                         ^
/mnt/simulations/UnrealEngine5_carla/Engine/Intermediate/Build/Linux/x64/UnrealEditor/Development/UnrealEd/SharedDefinitions.UnrealEd.Project.ValApi.Cpp20.h:282:33: note: expanded from macro 'UE_DEPRECATED_FORENGINE'
  282 | #define UE_DEPRECATED_FORENGINE UE_DEPRECATED
      |                                 ^
/mnt/simulations/UnrealEngine5_carla/Engine/Source/Runtime/Core/Public/Misc/CoreMiscDefines.h:276:43: note: expanded from macro 'UE_DEPRECATED'
  276 | #define UE_DEPRECATED(Version, Message) [[deprecated(Message " Please update your code to the new API before upgrading to the next release, otherwise your project will no longer compile.")]]
      |                                           ^
In file included from /mnt/simulations/carla/Unreal/CarlaUnreal/Plugins/CarlaTools/Intermediate/Build/Linux/x64/UnrealEditor/Development/CarlaTools/Module.CarlaTools.3.cpp:15:
/mnt/simulations/carla/Unreal/CarlaUnreal/Plugins/CarlaTools/Source/CarlaTools/Private/MapGeneratorWidget.cpp:1100:18: warning: 'Import' is deprecated: Use the new method prototype which takes a TArrayView parameter for import layers Please update your code to the new API before upgrading to the next release, otherwise your project will no longer compile. [-Wdeprecated-declarations]
 1100 |       Landscape->Import(Landscape->GetLandscapeGuid(), 0, 0, HeightRT->SizeX-1, HeightRT->SizeY-1, Landscape->NumSubsections, Landscape->SubsectionSizeQuads,
      |                  ^
/mnt/simulations/UnrealEngine5_carla/Engine/Source/Runtime/Landscape/Classes/LandscapeProxy.h:1368:2: note: 'Import' has been explicitly marked deprecated here
 1368 |         UE_DEPRECATED(5.5, "Use the new method prototype which takes a TArrayView parameter for import layers")
      |         ^
/mnt/simulations/UnrealEngine5_carla/Engine/Source/Runtime/Core/Public/Misc/CoreMiscDefines.h:276:43: note: expanded from macro 'UE_DEPRECATED'
  276 | #define UE_DEPRECATED(Version, Message) [[deprecated(Message " Please update your code to the new API before upgrading to the next release, otherwise your project will no longer compile.")]]
      |                                           ^
4 warnings generated.
[17/24] Compile Module.Carla.13.cpp
In file included from /mnt/simulations/carla/Unreal/CarlaUnreal/Plugins/Carla/Intermediate/Build/Linux/x64/UnrealEditor/Development/Carla/Module.Carla.13.cpp:23:
/mnt/simulations/carla/Unreal/CarlaUnreal/Plugins/Carla/Source/Carla/Util/CameraModelUtil.cpp:753:9: warning: 'FTexture2DRHIRef' is deprecated: The separate RHI texture types were unified in UE 5.1. FTexture2DRHIRef is now deprecated. Use FTextureRHIRef instead. Please update your code to the new API before upgrading to the next release, otherwise your project will no longer compile. [-Wdeprecated-declarations]
  753 |         FTexture2DRHIRef TextureRHIs[6] = {};
      |         ^
/mnt/simulations/UnrealEngine5_carla/Engine/Source/Runtime/RHI/Public/RHIFwd.h:146:29: note: 'FTexture2DRHIRef' has been explicitly marked deprecated here
  146 | using FTexture2DRHIRef      UE_DEPRECATED(5.5, "The separate RHI texture types were unified in UE 5.1. FTexture2DRHIRef is now deprecated. Use FTextureRHIRef instead."     ) = FTextureRHIRef;
      |                             ^
/mnt/simulations/UnrealEngine5_carla/Engine/Source/Runtime/Core/Public/Misc/CoreMiscDefines.h:276:43: note: expanded from macro 'UE_DEPRECATED'
  276 | #define UE_DEPRECATED(Version, Message) [[deprecated(Message " Please update your code to the new API before upgrading to the next release, otherwise your project will no longer compile.")]]
      |                                           ^
In file included from /mnt/simulations/carla/Unreal/CarlaUnreal/Plugins/Carla/Intermediate/Build/Linux/x64/UnrealEditor/Development/Carla/Module.Carla.13.cpp:26:
/mnt/simulations/carla/Unreal/CarlaUnreal/Plugins/Carla/Source/Carla/Util/GeometryImporter.cpp:98:22: warning: 'TryGetArrayField' is deprecated: Passing an ANSI string to TryGetArrayField has been deprecated outside of UTF-8 mode. Please use the overload that takes a TCHAR string. Please update your code to the new API before upgrading to the next release, otherwise your project will no longer compile. [-Wdeprecated-declarations]
   98 |     if (!JsonParsed->TryGetArrayField("features", Features))
      |                      ^
/mnt/simulations/UnrealEngine5_carla/Engine/Source/Runtime/Json/Public/Dom/JsonObject.h:428:2: note: 'TryGetArrayField' has been explicitly marked deprecated here
  428 |         UE_DEPRECATED(5.4, "Passing an ANSI string to TryGetArrayField has been deprecated outside of UTF-8 mode. Please use the overload that takes a TCHAR string.")
      |         ^
/mnt/simulations/UnrealEngine5_carla/Engine/Source/Runtime/Core/Public/Misc/CoreMiscDefines.h:276:43: note: expanded from macro 'UE_DEPRECATED'
  276 | #define UE_DEPRECATED(Version, Message) [[deprecated(Message " Please update your code to the new API before upgrading to the next release, otherwise your project will no longer compile.")]]
      |                                           ^
In file included from /mnt/simulations/carla/Unreal/CarlaUnreal/Plugins/Carla/Intermediate/Build/Linux/x64/UnrealEditor/Development/Carla/Module.Carla.13.cpp:26:
/mnt/simulations/carla/Unreal/CarlaUnreal/Plugins/Carla/Source/Carla/Util/GeometryImporter.cpp:108:62: warning: 'GetObjectField' is deprecated: Passing an ANSI string to GetObjectField has been deprecated outside of UTF-8 mode. Please use the overload that takes a TCHAR string. Please update your code to the new API before upgrading to the next release, otherwise your project will no longer compile. [-Wdeprecated-declarations]
  108 |         const TSharedPtr<FJsonObject> Geometry = FeatureObj->GetObjectField("geometry");
      |                                                              ^
/mnt/simulations/UnrealEngine5_carla/Engine/Source/Runtime/Json/Public/Dom/JsonObject.h:434:2: note: 'GetObjectField' has been explicitly marked deprecated here
  434 |         UE_DEPRECATED(5.4, "Passing an ANSI string to GetObjectField has been deprecated outside of UTF-8 mode. Please use the overload that takes a TCHAR string.")
      |         ^
/mnt/simulations/UnrealEngine5_carla/Engine/Source/Runtime/Core/Public/Misc/CoreMiscDefines.h:276:43: note: expanded from macro 'UE_DEPRECATED'
  276 | #define UE_DEPRECATED(Version, Message) [[deprecated(Message " Please update your code to the new API before upgrading to the next release, otherwise your project will no longer compile.")]]
      |                                           ^
In file included from /mnt/simulations/carla/Unreal/CarlaUnreal/Plugins/Carla/Intermediate/Build/Linux/x64/UnrealEditor/Development/Carla/Module.Carla.13.cpp:26:
/mnt/simulations/carla/Unreal/CarlaUnreal/Plugins/Carla/Source/Carla/Util/GeometryImporter.cpp:110:42: warning: 'GetStringField' is deprecated: Passing an ANSI string to GetStringField has been deprecated outside of UTF-8 mode. Please use the overload that takes a TCHAR string. Please update your code to the new API before upgrading to the next release, otherwise your project will no longer compile. [-Wdeprecated-declarations]
  110 |         FString GeometryType = Geometry->GetStringField("type");
      |                                          ^
/mnt/simulations/UnrealEngine5_carla/Engine/Source/Runtime/Json/Public/Dom/JsonObject.h:385:2: note: 'GetStringField' has been explicitly marked deprecated here
  385 |         UE_DEPRECATED(5.4, "Passing an ANSI string to GetStringField has been deprecated outside of UTF-8 mode. Please use the overload that takes a TCHAR string.")
      |         ^
/mnt/simulations/UnrealEngine5_carla/Engine/Source/Runtime/Core/Public/Misc/CoreMiscDefines.h:276:43: note: expanded from macro 'UE_DEPRECATED'
  276 | #define UE_DEPRECATED(Version, Message) [[deprecated(Message " Please update your code to the new API before upgrading to the next release, otherwise your project will no longer compile.")]]
      |                                           ^
In file included from /mnt/simulations/carla/Unreal/CarlaUnreal/Plugins/Carla/Intermediate/Build/Linux/x64/UnrealEditor/Development/Carla/Module.Carla.13.cpp:26:
/mnt/simulations/carla/Unreal/CarlaUnreal/Plugins/Carla/Source/Carla/Util/GeometryImporter.cpp:115:24: warning: 'TryGetArrayField' is deprecated: Passing an ANSI string to TryGetArrayField has been deprecated outside of UTF-8 mode. Please use the overload that takes a TCHAR string. Please update your code to the new API before upgrading to the next release, otherwise your project will no longer compile. [-Wdeprecated-declarations]
  115 |         if (!Geometry->TryGetArrayField("coordinates", Rings) || Rings->Num() == 0)
      |                        ^
/mnt/simulations/UnrealEngine5_carla/Engine/Source/Runtime/Json/Public/Dom/JsonObject.h:428:2: note: 'TryGetArrayField' has been explicitly marked deprecated here
  428 |         UE_DEPRECATED(5.4, "Passing an ANSI string to TryGetArrayField has been deprecated outside of UTF-8 mode. Please use the overload that takes a TCHAR string.")
      |         ^
/mnt/simulations/UnrealEngine5_carla/Engine/Source/Runtime/Core/Public/Misc/CoreMiscDefines.h:276:43: note: expanded from macro 'UE_DEPRECATED'
  276 | #define UE_DEPRECATED(Version, Message) [[deprecated(Message " Please update your code to the new API before upgrading to the next release, otherwise your project will no longer compile.")]]
      |                                           ^
5 warnings generated.
[18/24] Compile Module.Carla.12.cpp
In file included from /mnt/simulations/carla/Unreal/CarlaUnreal/Plugins/Carla/Intermediate/Build/Linux/x64/UnrealEditor/Development/Carla/Module.Carla.12.cpp:49:
/mnt/simulations/carla/Unreal/CarlaUnreal/Plugins/Carla/Source/Carla/Server/CarlaServer.cpp:501:46: warning: 'GetNamesOfAllActors' is deprecated: This command no longer makes sense since the apply_textures API relies on IDs. [-Wdeprecated-declarations]
  501 |     TArray<FString> NamesFString = GameMode->GetNamesOfAllActors();
      |                                              ^
/mnt/simulations/carla/Unreal/CarlaUnreal/Plugins/Carla/Source/Carla/Game/CarlaGameModeBase.h:118:5: note: 'GetNamesOfAllActors' has been explicitly marked deprecated here
  118 |   [[deprecated("This command no longer makes sense since the apply_textures API relies on IDs.")]]
      |     ^
1 warning generated.
[19/24] Link (lld) libUnrealEditor-Carla.so (UBA disabled)
[20/24] Link (lld) libUnrealEditor-CarlaTools.so (UBA disabled)
[21/24] Link (lld) libUnrealEditor-CarlaUnreal.so (UBA disabled)
[22/24] Link (lld) libUnrealEditor-StreetMapRuntime.so (UBA disabled)
[23/24] Link (lld) libUnrealEditor-StreetMapImporting.so (UBA disabled)
[24/24] WriteMetadata CarlaUnrealEditor.target (UBA disabled)
Trace file written to /mnt/simulations/UnrealEngine5_carla/Engine/Programs/UnrealBuildTool/Log.uba with size 20.6kb
Total time in Unreal Build Accelerator local executor: 281.21 seconds
Total execution time: 486.60 seconds
